BeatSheetID,TreeFK,Observer,Date,Time,WetLeaves,NumberOfLeaves,AverageLeafLength,Notes,Checks
131091,FEW,Indigo,5/1/2022,10:22:00,0,110,3,NA,NA
131092,FEX,Indigo,5/1/2022,10:23:00,0,95,6,NA,NA
131093,FEV,Indigo,5/1/2022,10:26:00,0,80,7,NA,1
131094,FEZ,Indigo,5/1/2022,10:33:00,0,135,6,NA,1
131095,FEY,Indigo,5/1/2022,10:37:00,0,60,7,NA,NA
131096,FEJ,Indigo,5/1/2022,10:49:00,0,135,7,NA,NA
131097,FEK,Indigo,5/1/2022,10:51:00,0,50,7,NA,1
131098,FEG,Indigo,5/1/2022,10:55:00,0,25,8,NA,NA
131099,FEH,Indigo,5/1/2022,10:58:00,0,50,7,NA,NA
131100,FEI,Indigo,5/1/2022,11:02:00,0,60,7,NA,1
131101,FDZ,Indigo,5/1/2022,11:12:00,0,30,9,NA,NA
131102,FDY,Indigo,5/1/2022,11:14:00,0,45,7,NA,1
131103,FDW,Indigo,5/1/2022,11:18:00,0,60,8,NA,NA
131104,FDX,Indigo,5/1/2022,11:21:00,0,30,10,NA,NA
131105,FEA,Indigo,5/1/2022,11:22:00,0,55,8,NA,NA
131106,FDT,Indigo,5/1/2022,11:28:00,0,80,10,NA,1
131107,FDR,Indigo,5/1/2022,11:32:00,0,25,9,NA,NA
131108,FDS,Indigo,5/1/2022,11:33:00,0,100,6,NA,1
131109,FDU,Indigo,5/1/2022,11:37:00,0,25,7,NA,1
131110,FDV,Indigo,5/1/2022,11:43:00,0,60,8,NA,NA
131111,FDN,Indigo,5/1/2022,11:51:00,0,65,6,NA,1
131112,FDP,Indigo,5/1/2022,11:56:00,0,60,6,NA,1
131113,FDQ,Indigo,5/1/2022,11:59:00,0,40,6,NA,NA
131114,FDM,Indigo,5/1/2022,12:02:00,0,115,5,NA,1
131115,FDO,Indigo,5/1/2022,12:07:00,0,90,7,NA,1
131125,BWT,Indigo,5/2/2022,12:35:00,0,65,7,NA,NA
131126,BWY,Indigo,5/2/2022,12:41:00,0,40,11,NA,1
131127,BWX,Indigo,5/2/2022,12:44:00,0,70,12,NA,NA
131128,BWZ,Indigo,5/2/2022,12:46:00,0,115,5,NA,1
131129,BWW,Indigo,5/2/2022,12:53:00,0,65,6,NA,1
131130,BWV,Indigo,5/2/2022,12:58:00,0,30,8,NA,1
131131,BWS,Indigo,5/2/2022,13:00:00,0,55,10,NA,1
131132,BWQ,Indigo,5/2/2022,13:04:00,0,60,9,NA,NA
131133,BWU,Indigo,5/2/2022,13:06:00,0,70,11,NA,1
131134,BWR,Indigo,5/2/2022,13:10:00,0,50,5,NA,1
131136,BXQ,Indigo,5/2/2022,13:45:00,0,70,7,NA,1
131137,BXT,Indigo,5/2/2022,13:48:00,1,65,7,NA,NA
131138,BXS,Indigo,5/2/2022,13:49:00,0,120,7,NA,1
131139,BXR,Indigo,5/2/2022,13:53:00,0,130,7,NA,1
131140,BXP,Indigo,5/2/2022,13:56:00,0,30,8,NA,1
131141,BYQ,Indigo,5/2/2022,14:06:00,0,95,8,NA,1
131142,BYS,Indigo,5/2/2022,14:10:00,0,90,8,NA,1
131143,BYR,Indigo,5/2/2022,14:13:00,0,25,5,NA,NA
131144,BYP,Indigo,5/2/2022,14:15:00,0,90,8,NA,1
131145,BYO,Indigo,5/2/2022,14:18:00,0,45,8,NA,NA
131146,BYU,Indigo,5/2/2022,14:22:00,0,50,11,NA,NA
131147,BYT,Indigo,5/2/2022,14:23:00,0,25,8,NA,NA
131148,BYV,Indigo,5/2/2022,14:27:00,0,75,7,NA,1
131149,BYW,Indigo,5/2/2022,14:29:00,0,35,9,NA,1
131150,BYX,Indigo,5/2/2022,14:32:00,0,25,12,NA,NA
131151,FDN,Indigo,5/3/2022,9:58:00,0,65,7,NA,1
131152,FDP,Indigo,5/3/2022,10:03:00,0,65,6,NA,1
131153,FDO,Indigo,5/3/2022,10:05:00,0,85,7,NA,1
131154,FDQ,Indigo,5/3/2022,10:10:00,0,35,7,NA,1
131155,FDM,Indigo,5/3/2022,10:12:00,0,125,6,NA,1
131156,FDT,Indigo,5/3/2022,10:23:00,0,60,9,NA,NA
131157,FDR,Indigo,5/3/2022,10:25:00,0,45,8,NA,1
131158,FDU,Indigo,5/3/2022,10:27:00,0,30,7,NA,1
131159,FDV,Indigo,5/3/2022,10:31:00,0,55,7,NA,NA
131160,FDS,Indigo,5/3/2022,10:33:00,0,85,5,NA,1
131161,FDZ,Indigo,5/3/2022,10:40:00,0,30,8,NA,1
131162,FDY,Indigo,5/3/2022,10:43:00,0,55,8,NA,1
131163,FEA,Indigo,5/3/2022,10:46:00,0,50,8,NA,1
131164,FDW,Indigo,5/3/2022,10:52:00,0,60,8,NA,1
131165,FDX,Indigo,5/3/2022,10:54:00,0,25,10,NA,1
131166,FEH,Indigo,5/3/2022,11:05:00,0,40,7,NA,NA
131167,FEI,Indigo,5/3/2022,11:06:00,0,55,8,NA,1
131168,FEJ,Indigo,5/3/2022,11:10:00,0,95,8,NA,NA
131169,FEG,Indigo,5/3/2022,11:11:00,0,30,8,NA,NA
131170,FEK,Indigo,5/3/2022,11:13:00,0,30,7,NA,1
131172,FEX,Indigo,5/3/2022,11:24:00,0,59,6,NA,NA
131173,FEW,Indigo,5/3/2022,11:25:00,0,120,4,NA,NA
131174,FEV,Indigo,5/3/2022,11:27:00,0,45,7,NA,1
131175,FEZ,Indigo,5/3/2022,11:30:00,0,90,5,NA,1
131176,FEY,Indigo,5/3/2022,11:33:00,0,45,8,NA,NA
131177,BYW,Indigo,5/4/2022,10:08:00,0,35,8,NA,1
131178,BYV,Indigo,5/4/2022,10:11:00,0,50,7,NA,1
131179,BYT,Indigo,5/4/2022,10:14:00,0,60,9,NA,1
131180,BYX,Indigo,5/4/2022,10:16:00,0,25,11,NA,1
131181,BYU,Indigo,5/4/2022,10:19:00,0,50,10,NA,1
131182,BYO,Indigo,5/4/2022,10:23:00,0,30,6,NA,NA
131183,BYP,Indigo,5/4/2022,10:24:00,0,70,8,NA,1
131184,BYQ,Indigo,5/4/2022,10:28:00,0,100,8,NA,1
131185,BYS,Indigo,5/4/2022,10:35:00,0,65,7,NA,NA
131186,BYR,Indigo,5/4/2022,10:36:00,0,20,6,NA,NA
131187,BXP,Indigo,5/4/2022,10:39:00,0,40,9,NA,1
131188,BXR,Indigo,5/4/2022,10:42:00,0,145,7,NA,1
131189,BXS,Indigo,5/4/2022,10:46:00,0,190,7,NA,NA
131190,BXT,Indigo,5/4/2022,10:47:00,0,140,8,NA,1
131191,BXQ,Indigo,5/4/2022,10:50:00,0,65,8,NA,NA
131192,BWY,Indigo,5/4/2022,11:08:00,0,40,11,NA,NA
131193,BWZ,Indigo,5/4/2022,11:10:00,0,100,6,NA,1
131194,BWX,Indigo,5/4/2022,11:16:00,0,20,13,NA,NA
131195,BWV,Indigo,5/4/2022,11:17:00,0,40,8,NA,NA
131196,BWW,Indigo,5/4/2022,11:19:00,0,75,7,NA,1
131197,BWS,Indigo,5/4/2022,11:23:00,0,60,10,NA,1
131198,BWQ,Indigo,5/4/2022,11:27:00,0,60,10,NA,NA
131199,BWU,Indigo,5/4/2022,11:29:00,0,60,9,NA,NA
131200,BWR,Indigo,5/4/2022,11:30:00,0,55,6,NA,NA
131201,BWT,Indigo,5/4/2022,11:31:00,0,60,8,NA,NA
131202,FEW,Indigo,5/5/2022,9:15:00,0,130,4,NA,NA
131203,FEV,Indigo,5/5/2022,9:16:00,0,35,6,NA,NA
131204,FEX,Indigo,5/5/2022,9:18:00,0,45,6,NA,1
131205,FEZ,Indigo,5/5/2022,9:22:00,0,80,6,NA,1
131206,FEY,Indigo,5/5/2022,9:24:00,0,55,8,NA,NA
131207,FEH,Indigo,5/5/2022,9:35:00,0,40,7,NA,1
131208,FEI,Indigo,5/5/2022,9:38:00,0,45,7,NA,1
131209,FEJ,Indigo,5/5/2022,9:40:00,0,80,7,NA,1
131210,FEK,Indigo,5/5/2022,9:43:00,0,40,7,NA,1
131211,FEG,Indigo,5/5/2022,9:46:00,0,35,8,NA,NA
131212,FDW,Indigo,5/5/2022,9:51:00,0,60,8,NA,NA
131213,FDX,Indigo,5/5/2022,9:52:00,0,30,9,NA,NA
131214,FDY,Indigo,5/5/2022,9:54:00,0,65,7,NA,1
131215,FDZ,Indigo,5/5/2022,10:03:00,0,25,8,NA,1
131216,FEA,Indigo,5/5/2022,10:05:00,0,50,8,NA,1
131217,FDS,Indigo,5/5/2022,10:10:00,0,80,5,NA,NA
131218,FDT,Indigo,5/5/2022,10:15:00,0,65,10,NA,NA
131219,FDR,Indigo,5/5/2022,10:16:00,0,40,8,NA,NA
131220,FDU,Indigo,5/5/2022,10:17:00,0,30,8,NA,NA
131221,FDM,Indigo,5/5/2022,10:22:00,0,80,7,NA,1
131222,FDQ,Indigo,5/5/2022,10:33:00,0,25,7,NA,1
131223,FDN,Indigo,5/5/2022,10:35:00,0,60,6,NA,NA
131224,FDP,Indigo,5/5/2022,10:42:00,0,80,7,NA,1
131225,FDO,Indigo,5/5/2022,10:47:00,0,70,6,NA,1
131226,FDV,Indigo,5/5/2022,10:53:00,0,45,7,NA,1
131309,BWR,Indigo,5/6/2022,9:36:00,0,75,6,NA,NA
131310,BWU,Indigo,5/6/2022,9:37:00,0,35,11,NA,NA
131311,BWQ,Indigo,5/6/2022,9:38:00,0,60,10,NA,1
131312,BWT,Indigo,5/6/2022,9:40:00,0,50,7,NA,NA
131314,BWS,Indigo,5/6/2022,9:42:00,0,60,10,NA,NA
131315,BWW,Indigo,5/6/2022,9:43:00,0,70,8,NA,1
131317,BWV,Indigo,5/6/2022,9:45:00,0,30,8,NA,NA
131318,BWX,Indigo,5/6/2022,9:47:00,0,20,12,NA,1
131321,BWY,Indigo,5/6/2022,9:48:00,0,50,13,NA,1
131322,BWZ,Indigo,5/6/2022,9:51:00,1,90,6,NA,1
131324,BXQ,Indigo,5/6/2022,10:10:00,1,65,7,NA,NA
131325,BXT,Indigo,5/6/2022,10:11:00,1,80,7,NA,1
131326,BXR,Indigo,5/6/2022,10:14:00,0,65,8,NA,1
131327,BXP,Indigo,5/6/2022,10:16:00,0,35,9,NA,1
131328,BXS,Indigo,5/6/2022,10:20:00,0,100,7,NA,NA
131329,BYQ,Indigo,5/6/2022,10:22:00,0,65,7,NA,1
131330,BYS,Indigo,5/6/2022,10:28:00,0,65,8,NA,1
131331,BYR,Indigo,5/6/2022,10:30:00,0,25,7,NA,NA
131332,BYP,Indigo,5/6/2022,10:31:00,1,65,9,NA,NA
131333,BYO,Indigo,5/6/2022,10:33:00,0,25,8,NA,1
131334,BYU,Indigo,5/6/2022,10:36:00,1,65,10,NA,1
131335,BYT,Indigo,5/6/2022,10:40:00,0,65,9,NA,NA
131336,BYV,Indigo,5/6/2022,10:41:00,0,45,7,NA,1
131337,BYW,Indigo,5/6/2022,10:44:00,1,35,9,NA,NA
131338,BYX,Indigo,5/6/2022,10:45:00,0,20,11,NA,NA
131423,DBL,Indigo,5/8/2022,10:19:00,0,55,8,NA,1
131424,DBM,Indigo,5/8/2022,10:22:00,0,65,8,NA,1
131425,DBP,Indigo,5/8/2022,10:24:00,0,70,9,NA,1
131426,DBN,Indigo,5/8/2022,10:27:00,0,20,12,NA,1
131427,DBO,Indigo,5/8/2022,10:29:00,0,15,13,NA,1
131428,DCD,Indigo,5/8/2022,10:38:00,0,25,7,NA,NA
131429,DCE,Indigo,5/8/2022,10:39:00,0,65,6,NA,1
131430,DCA,Indigo,5/8/2022,10:42:00,0,40,7,NA,NA
131431,DCC,Indigo,5/8/2022,10:43:00,0,40,8,NA,NA
131432,DCB,Indigo,5/8/2022,10:44:00,0,35,8,NA,NA
131433,DCJ,Indigo,5/8/2022,10:47:00,0,25,9,NA,1
131434,DCI,Indigo,5/8/2022,10:50:00,0,40,7,NA,1
131435,DCH,Indigo,5/8/2022,10:54:00,0,50,11,NA,NA
131436,DCF,Indigo,5/8/2022,10:56:00,0,65,7,NA,1
131437,DCG,Indigo,5/8/2022,10:58:00,0,35,8,NA,1
131438,DCL,Indigo,5/8/2022,11:04:00,0,30,7,NA,1
131439,DCM,Indigo,5/8/2022,11:06:00,0,30,8,NA,1
131440,DCK,Indigo,5/8/2022,11:10:00,0,45,6,NA,1
131441,EQL,Indigo,5/8/2022,11:12:00,0,75,5,NA,NA
131442,DCO,Indigo,5/8/2022,11:16:00,0,60,5,NA,1
131443,DCW,Indigo,5/8/2022,11:23:00,0,70,7,NA,1
131445,DCY,Indigo,5/8/2022,11:27:00,0,35,7,NA,1
131446,DCX,Indigo,5/8/2022,11:30:00,0,30,6,NA,1
131444,DCU,Indigo,5/8/2022,11:26:00,0,40,7,NA,NA
131447,DCV,Indigo,5/8/2022,11:33:00,0,50,7,NA,NA
131472,DCW,Indigo,5/10/2022,9:08:00,0,65,7,NA,NA
131474,DCU,Indigo,5/10/2022,9:12:00,0,45,7,NA,1
131475,DCX,Indigo,5/10/2022,9:16:00,0,45,6,NA,NA
131476,DCV,Indigo,5/10/2022,9:17:00,0,45,7,NA,1
131489,EQL,Indigo,5/10/2022,9:49:00,0,45,6,NA,1
131493,DCK,Indigo,5/10/2022,9:55:00,0,45,6,NA,1
131497,DCO,Indigo,5/10/2022,10:02:00,0,55,6,NA,NA
131501,DCM,Indigo,5/10/2022,10:06:00,0,30,8,NA,NA
131509,DCJ,Indigo,5/10/2022,10:20:00,0,40,10,NA,1
131516,DCG,Indigo,5/10/2022,10:32:00,0,35,9,NA,NA
131519,DCF,Indigo,5/10/2022,10:38:00,0,95,6,NA,1
131529,DCD,Indigo,5/10/2022,10:55:00,0,30,7,NA,1
131532,DCC,Indigo,5/10/2022,11:02:00,0,50,10,NA,NA
131534,DCA,Indigo,5/10/2022,11:03:00,0,50,8,NA,NA
131537,DCB,Indigo,5/10/2022,11:06:00,0,30,8,NA,NA
131538,DCE,Indigo,5/10/2022,11:07:00,0,55,6,NA,1
131566,DBL,Indigo,5/10/2022,11:45:00,0,65,8,NA,1
131567,DBN,Indigo,5/10/2022,11:48:00,0,20,13,NA,1
131569,DBO,Indigo,5/10/2022,11:51:00,0,15,13,NA,1
131570,DBM,Indigo,5/10/2022,11:53:00,0,70,7,NA,NA
131571,DBP,Indigo,5/10/2022,11:54:00,0,75,8,NA,1
132049,DCY,Indigo,5/10/2022,9:30:00,0,50,7,NA,1
131586,DCL,Indigo,5/10/2022,10:07:00,0,50,9,NA,NA
131612,DBN,Indigo,5/12/2022,9:09:00,0,20,14,NA,NA
131613,DBL,Indigo,5/12/2022,9:10:00,0,70,8,NA,1
131614,DBO,Indigo,5/12/2022,9:13:00,0,20,16,NA,NA
131615,DBM,Indigo,5/12/2022,9:14:00,0,65,8,NA,1
131616,DBP,Indigo,5/12/2022,9:16:00,0,65,7,NA,NA
131617,DCB,Indigo,5/12/2022,9:19:00,0,35,8,NA,NA
131618,DCE,Indigo,5/12/2022,9:20:00,0,95,6,NA,1
131619,DCD,Indigo,5/12/2022,9:23:00,0,60,7,NA,NA
131620,DCC,Indigo,5/12/2022,9:27:00,0,50,8,NA,1
131621,DCA,Indigo,5/12/2022,9:30:00,0,60,8,NA,NA
131622,DCJ,Indigo,5/12/2022,9:33:00,0,55,10,NA,1
131623,DCI,Indigo,5/12/2022,9:35:00,0,45,8,NA,1
131624,DCF,Indigo,5/12/2022,9:39:00,0,135,6,NA,1
131625,DCG,Indigo,5/12/2022,9:41:00,0,45,7,NA,NA
131626,DCH,Indigo,5/12/2022,9:45:00,0,55,10,NA,1
131627,DCL,Indigo,5/12/2022,9:48:00,0,30,7,NA,NA
131628,DCM,Indigo,5/12/2022,9:50:00,0,40,8,NA,1
131629,DCK,Indigo,5/12/2022,9:52:00,0,55,6,NA,NA
131630,EQL,Indigo,5/12/2022,9:53:00,0,85,6,NA,1
131631,DCO,Indigo,5/12/2022,9:58:00,0,85,5,NA,NA
131633,DCU,Indigo,5/12/2022,10:05:00,0,40,7,NA,NA
131634,DCY,Indigo,5/13/2022,10:06:00,0,45,7,NA,1
131635,DCX,Indigo,5/14/2022,10:08:00,0,25,6,NA,1
131636,DCV,Indigo,5/12/2022,10:11:00,0,50,7,NA,NA
131878,JAP,Indigo,5/15/2022,10:05:00,0,75,7,NA,1
131879,JAO,Indigo,5/15/2022,10:11:00,0,45,9,NA,NA
131880,JAN,Indigo,5/15/2022,10:12:00,0,40,8,NA,NA
131881,JAL,Indigo,5/15/2022,10:13:00,0,90,6,NA,1
131882,JAM,Indigo,5/15/2022,10:16:00,0,40,9,NA,1
131883,JAQ,Indigo,5/15/2022,10:19:00,0,85,8,NA,1
131884,JAR,Indigo,5/15/2022,10:21:00,0,60,9,NA,1
131885,JAS,Indigo,5/15/2022,10:25:00,0,135,6,NA,1
131886,JAT,Indigo,5/15/2022,10:29:00,0,70,8,NA,1
131887,JAU,Indigo,5/15/2022,10:34:00,0,50,9,NA,1
131888,JAV,Indigo,5/15/2022,10:38:00,0,35,8,NA,1
131889,JAW,Indigo,5/15/2022,10:41:00,0,90,7,NA,1
131890,JAX,Indigo,5/15/2022,10:43:00,0,95,6,NA,1
131891,JAY,Indigo,5/15/2022,10:45:00,0,135,7,NA,1
131892,JAZ,Indigo,5/15/2022,10:49:00,0,65,9,NA,NA
131893,JBB,Indigo,5/15/2022,10:51:00,0,45,9,NA,1
131894,JBD,Indigo,5/15/2022,10:54:00,0,60,7,NA,NA
131895,JBA,Indigo,5/15/2022,10:55:00,0,50,8,NA,1
131896,JBC,Indigo,5/15/2022,10:58:00,0,55,6,NA,1
131897,JBE,Indigo,5/15/2022,11:00:00,0,180,5,NA,1
131898,JBK,Indigo,5/15/2022,11:08:00,0,120,11,NA,1
131899,JBL,Indigo,5/15/2022,11:12:00,0,60,11,NA,NA
131900,JBM,Indigo,5/15/2022,11:13:00,0,25,10,NA,NA
131901,JBN,Indigo,5/15/2022,11:14:00,0,65,5,NA,1
131902,JBO,Indigo,5/15/2022,11:18:00,0,55,8,NA,NA
131983,IRQ,Indigo,5/16/2022,10:59:00,0,45,8,NA,1
131984,IRO,Indigo,5/16/2022,11:03:00,0,135,7,NA,1
131986,IRS,Indigo,5/16/2022,11:06:00,0,170,6,NA,NA
131987,IRP,Indigo,5/16/2022,11:08:00,0,50,9,NA,1
131990,IRR,Indigo,5/16/2022,11:15:00,0,50,7,NA,1
131993,IRX,Indigo,5/16/2022,11:19:00,0,40,8,NA,1
131994,IRV,Indigo,5/16/2022,11:21:00,0,65,8,NA,1
131995,IRU,Indigo,5/16/2022,11:24:00,0,25,9,NA,1
131996,IRT,Indigo,5/16/2022,11:28:00,0,40,8,NA,1
131997,IRW,Indigo,5/16/2022,11:29:00,0,135,6,NA,1
131998,ISA,Indigo,5/16/2022,11:34:00,0,55,7,NA,1
131999,IRY,Indigo,5/16/2022,11:39:00,0,70,8,NA,1
132000,IRZ,Indigo,5/16/2022,11:42:00,0,40,7,NA,NA
132001,ISB,Indigo,5/16/2022,11:43:00,0,50,7,NA,NA
132002,ISC,Indigo,5/16/2022,11:44:00,0,50,7,NA,1
132003,ISD,Indigo,5/16/2022,11:51:00,0,45,6,NA,1
132004,ISE,Indigo,5/16/2022,11:54:00,0,75,7,NA,1
132005,ISH,Indigo,5/16/2022,11:57:00,0,55,8,NA,1
132006,ISG,Indigo,5/16/2022,12:02:00,0,55,6,NA,1
132010,ISF,Indigo,5/16/2022,12:06:00,0,60,7,NA,1
132012,ISJ,Indigo,5/16/2022,12:15:00,0,65,7,NA,1
132013,ISI,Indigo,5/16/2022,12:18:00,0,75,8,NA,NA
132014,ISK,Indigo,5/16/2022,12:19:00,0,90,9,NA,1
132015,ISL,Indigo,5/16/2022,12:21:00,0,70,6,NA,1
132016,ISM,Indigo,5/16/2022,12:35:00,0,60,8,NA,NA
132747,JBO,Indigo,5/19/2022,15:11:00,0,80,10,NA,NA
132748,JAZ,Indigo,5/19/2022,15:16:00,0,90,8,NA,NA
132210,JAP,Indigo,5/17/2022,12:56:00,0,80,7,NA,NA
132212,JBK,Indigo,5/17/2022,13:07:00,0,100,11,NA,NA
132213,JBL,Indigo,5/17/2022,13:08:00,0,105,10,NA,1
132214,JBM,Indigo,5/17/2022,13:17:00,0,60,10,NA,1
132215,JBN,Indigo,5/17/2022,13:19:00,0,140,6,NA,1
132218,JBO,Indigo,5/17/2022,13:28:00,0,65,9,NA,1
132223,JBE,Indigo,5/17/2022,13:40:00,0,70,6,NA,1
132227,JBC,Indigo,5/17/2022,13:51:00,0,70,7,NA,NA
132229,JBB,Indigo,5/17/2022,13:56:00,0,60,8,NA,NA
132230,JBD,Indigo,5/17/2022,13:57:00,0,50,7,NA,NA
132231,JBA,Indigo,5/17/2022,13:59:00,0,30,7,NA,NA
132232,JAZ,Indigo,5/17/2022,14:03:00,0,80,8,NA,1
132234,JAY,Indigo,5/17/2022,14:05:00,0,170,7,NA,1
132238,JAX,Indigo,5/17/2022,14:12:00,0,115,6,NA,1
132239,JAW,Indigo,5/17/2022,14:16:00,0,80,6,NA,1
132241,JAV,Indigo,5/17/2022,14:18:00,0,85,8,NA,1
132243,JAQ,Indigo,5/17/2022,14:23:00,0,100,8,NA,1
132246,JAR,Indigo,5/17/2022,14:26:00,0,70,9,NA,1
132249,JAT,Indigo,5/17/2022,14:33:00,0,65,8,NA,NA
132250,JAS,Indigo,5/17/2022,14:34:00,0,150,6,NA,1
132252,JAU,Indigo,5/17/2022,14:39:00,0,65,9,NA,NA
132255,JAM,Indigo,5/17/2022,14:41:00,0,45,6,NA,1
132257,JAL,Indigo,5/17/2022,14:44:00,0,100,6,NA,1
132259,JAN,Indigo,5/17/2022,14:49:00,0,40,9,NA,1
132260,JAO,Indigo,5/17/2022,14:52:00,0,50,9,NA,1
132398,ISI,Indigo,5/18/2022,11:13:00,0,75,7,NA,1
132399,ISJ,Indigo,5/18/2022,11:16:00,0,70,7,NA,1
132402,ISM,Indigo,5/18/2022,11:19:00,0,60,8,NA,NA
132404,ISK,Indigo,5/18/2022,11:20:00,0,70,9,NA,1
132406,ISL,Indigo,5/18/2022,11:24:00,0,40,7,NA,1
132408,ISH,Indigo,5/18/2022,11:34:00,0,60,8,NA,1
132410,ISG,Indigo,5/18/2022,11:37:00,0,30,7,NA,1
132413,ISE,Indigo,5/18/2022,11:42:00,0,80,8,NA,1
132414,ISD,Indigo,5/18/2022,11:44:00,0,35,6,NA,1
132415,ISF,Indigo,5/18/2022,11:46:00,0,65,8,NA,1
132429,IRY,Indigo,5/18/2022,12:09:00,0,70,8,NA,NA
132431,ISB,Indigo,5/18/2022,13:10:00,0,50,8,NA,1
132436,ISC,Indigo,5/18/2022,13:12:00,0,50,7,NA,1
132437,ISA,Indigo,5/18/2022,13:16:00,0,60,8,NA,NA
132438,IRZ,Indigo,5/18/2022,13:17:00,0,40,8,NA,NA
132439,IRU,Indigo,5/18/2022,13:21:00,0,35,9,NA,1
132440,IRW,Indigo,5/18/2022,13:24:00,0,105,6,NA,NA
132442,IRX,Indigo,5/18/2022,13:26:00,0,60,8,NA,NA
132443,IRT,Indigo,5/18/2022,13:27:00,0,45,9,NA,1
132446,IRV,Indigo,5/18/2022,13:30:00,0,60,7,NA,NA
132449,IRS,Indigo,5/18/2022,13:34:00,0,125,7,NA,NA
132450,IRP,Indigo,5/18/2022,13:35:00,0,60,8,NA,1
132452,IRO,Indigo,5/18/2022,13:37:00,0,140,8,NA,1
132453,IRQ,Indigo,5/18/2022,13:40:00,0,45,9,NA,1
132454,IRR,Indigo,5/18/2022,13:42:00,0,80,7,NA,NA
132709,JAP,Indigo,5/19/2022,13:41:00,0,130,7,NA,NA
132711,JAO,Indigo,5/19/2022,13:43:00,0,50,9,NA,1
132721,JAN,Indigo,5/19/2022,13:52:00,0,75,9,NA,1
132722,JAM,Indigo,5/19/2022,13:55:00,0,75,7,NA,1
132723,JAL,Indigo,5/19/2022,13:58:00,0,95,6,NA,1
132726,JAU,Indigo,5/19/2022,14:01:00,0,60,9,NA,1
132729,JAT,Indigo,5/19/2022,14:05:00,0,65,9,NA,1
132731,JAS,Indigo,5/19/2022,14:13:00,0,185,6,NA,1
132732,JAR,Indigo,5/19/2022,14:16:00,0,85,8,NA,1
132733,JAQ,Indigo,5/19/2022,14:22:00,0,60,9,NA,1
132734,JAV,Indigo,5/19/2022,14:25:00,0,100,7,NA,1
132735,JAW,Indigo,5/19/2022,14:27:00,0,85,6,NA,1
132736,JAX,Indigo,5/19/2022,14:31:00,0,160,6,NA,1
132737,JAY,Indigo,5/19/2022,14:33:00,0,120,6,NA,1
132738,JBA,Indigo,5/19/2022,14:40:00,0,60,7,NA,1
132739,JBB,Indigo,5/19/2022,14:42:00,0,35,10,NA,1
232739,JBC,Indigo,5/19/2022,14:43:00,0,NA,NA,NA,1
132740,JBD,Indigo,5/19/2022,14:44:00,0,80,7,NA,NA
132742,JBE,Indigo,5/19/2022,14:49:00,0,230,5,NA,NA
132743,JBK,Indigo,5/19/2022,14:56:00,0,100,11,NA,NA
132744,JBL,Indigo,5/19/2022,14:58:00,0,105,12,NA,NA
132745,JBM,Indigo,5/19/2022,15:00:00,0,70,10,NA,1
132746,JBN,Indigo,5/19/2022,15:03:00,0,125,6,NA,NA
133026,IRY,Indigo,5/20/2022,13:29:00,0,70,8,NA,NA
133016,IRQ,Indigo,5/20/2022,12:53:00,0,45,9,NA,NA
133017,IRR,Indigo,5/20/2022,12:55:00,0,85,8,NA,1
133018,IRO,Indigo,5/20/2022,12:58:00,0,140,8,NA,NA
133019,IRP,Indigo,5/20/2022,12:59:00,0,65,9,NA,1
133020,IRS,Indigo,5/20/2022,13:04:00,0,120,6,NA,1
133021,IRV,Indigo,5/20/2022,13:11:00,0,55,9,NA,1
133022,IRW,Indigo,5/20/2022,13:14:00,0,105,6,NA,1
133023,IRX,Indigo,5/20/2022,13:16:00,0,55,8,NA,1
133024,IRT,Indigo,5/20/2022,13:18:00,0,40,9,NA,1
133025,IRU,Indigo,5/20/2022,13:22:00,0,35,10,NA,1
133027,ISA,Indigo,5/20/2022,13:31:00,0,45,9,NA,1
133028,IRZ,Indigo,5/20/2022,13:33:00,0,35,8,NA,1
133029,ISB,Indigo,5/20/2022,13:35:00,0,55,8,NA,1
133031,ISC,Indigo,5/20/2022,13:37:00,0,60,8,NA,NA
133033,ISD,Indigo,5/20/2022,13:43:00,0,30,6,NA,NA
133035,ISE,Indigo,5/20/2022,13:44:00,0,85,8,NA,1
133038,ISF,Indigo,5/20/2022,13:48:00,0,70,8,NA,1
133040,ISG,Indigo,5/20/2022,13:53:00,0,40,7,NA,1
133041,ISH,Indigo,5/20/2022,13:56:00,0,55,8,NA,1
133045,ISI,Indigo,5/20/2022,14:06:00,0,70,7,NA,1
133047,ISJ,Indigo,5/20/2022,14:09:00,0,85,7,NA,1
133048,ISM,Indigo,5/20/2022,14:11:00,0,80,8,NA,NA
133049,ISK,Indigo,5/20/2022,14:12:00,0,60,10,NA,1
133051,ISL,Indigo,5/20/2022,14:14:00,0,40,7,NA,1
133242,CLZ,Indigo,5/22/2022,9:59:00,0,25,20,NA,NA
133243,CLY,Indigo,5/22/2022,10:02:00,0,85,8,NA,1
133244,CLW,Indigo,5/22/2022,10:07:00,0,150,5,NA,1
133245,CLX,Indigo,5/22/2022,10:09:00,0,170,8,NA,1
133246,CLV,Indigo,5/22/2022,10:13:00,0,125,7,NA,1
133248,CLU,Indigo,5/22/2022,10:19:00,0,400,5,NA,1
133250,CLT,Indigo,5/22/2022,10:25:00,0,200,5,NA,1
133251,CLR,Indigo,5/22/2022,10:29:00,0,180,5,NA,1
133253,CLQ,Indigo,5/22/2022,10:32:00,0,200,4,NA,1
133254,CLS,Indigo,5/22/2022,10:35:00,0,35,10,NA,1
133256,CNA,Indigo,5/22/2022,10:42:00,0,240,8,NA,1
133257,CNC,Indigo,5/22/2022,10:48:00,0,50,11,NA,1
133259,CMZ,Indigo,5/22/2022,10:54:00,0,140,7,NA,1
133261,CNB,Indigo,5/22/2022,11:04:00,0,35,10,NA,1
133263,CND,Indigo,5/22/2022,11:08:00,0,40,9,NA,1
133267,CNK,Indigo,5/22/2022,11:25:00,0,175,6,NA,1
133268,CNL,Indigo,5/22/2022,11:28:00,0,60,9,NA,1
133269,CNJ,Indigo,5/22/2022,11:30:00,0,30,10,NA,NA
133270,CNM,Indigo,5/22/2022,11:34:00,0,50,7,NA,NA
133271,CNN,Indigo,5/22/2022,11:35:00,0,100,6,NA,1
133272,CNI,Indigo,5/22/2022,11:40:00,0,60,9,NA,1
133273,CNH,Indigo,5/22/2022,11:44:00,0,40,12,NA,1
133274,CNG,Indigo,5/22/2022,11:47:00,0,75,8,NA,1
133275,CNE,Indigo,5/22/2022,11:48:00,0,15,11,NA,NA
133276,CNF,Indigo,5/22/2022,11:56:00,0,55,9,NA,NA
133681,CNF,Indigo,5/24/2022,11:55:00,1,35,9,NA,1
133682,CNI,Indigo,5/24/2022,11:59:00,1,50,10,NA,1
133683,CNE,Indigo,5/24/2022,12:01:00,0,20,10,NA,1
133684,CNG,Indigo,5/24/2022,12:04:00,0,80,8,NA,1
133685,CNH,Indigo,5/24/2022,12:07:00,0,17,13,NA,1
133687,CNK,Indigo,5/24/2022,12:16:00,0,130,6,NA,NA
133688,CNL,Indigo,5/24/2022,12:17:00,0,35,10,NA,1
133689,CNJ,Indigo,5/24/2022,12:19:00,0,35,10,NA,NA
133691,CNM,Indigo,5/24/2022,12:21:00,0,55,7,NA,1
133692,CNN,Indigo,5/24/2022,12:24:00,0,80,6,NA,1
133694,CNB,Indigo,5/24/2022,12:44:00,0,40,9,NA,1
133695,CND,Indigo,5/24/2022,12:47:00,0,45,8,NA,1
133697,CMZ,Indigo,5/24/2022,12:50:00,0,310,7,NA,1
133698,CNC,Indigo,5/24/2022,12:55:00,0,70,11,NA,1
133699,CNA,Indigo,5/24/2022,12:59:00,0,115,7,NA,1
133701,CLS,Indigo,5/24/2022,13:08:00,0,60,9,NA,1
133702,CLQ,Indigo,5/24/2022,13:11:00,0,180,5,NA,1
133704,CLU,Indigo,5/24/2022,13:14:00,0,175,5,NA,1
133706,CLT,Indigo,5/24/2022,13:17:00,0,150,5,NA,1
133709,CLR,Indigo,5/24/2022,13:20:00,0,140,5,NA,1
133712,CLZ,Indigo,5/24/2022,13:29:00,1,20,20,NA,NA
133713,CLV,Indigo,5/24/2022,13:30:00,0,100,7,NA,1
133716,CLX,Indigo,5/24/2022,13:33:00,0,80,8,NA,1
133717,CLW,Indigo,5/24/2022,13:35:00,0,135,6,NA,1
133719,CLY,Indigo,5/24/2022,13:37:00,0,55,10,NA,1
133851,BYT,Indigo,5/25/2022,8:38:00,0,65,9,NA,1
133852,BYX,Indigo,5/25/2022,8:42:00,0,60,11,NA,1
133853,BYW,Indigo,5/25/2022,8:49:00,0,65,9,NA,1
133854,BYV,Indigo,5/25/2022,8:51:00,0,75,7,NA,1
133855,BYU,Indigo,5/25/2022,8:54:00,0,85,10,NA,1
133856,BYO,Indigo,5/25/2022,9:08:00,0,30,8,NA,1
133857,BYP,Indigo,5/25/2022,9:11:00,0,85,8,NA,1
133858,BYR,Indigo,5/25/2022,9:14:00,0,50,7,NA,1
133859,BYS,Indigo,5/25/2022,9:18:00,0,80,8,NA,1
133860,BYQ,Indigo,5/25/2022,9:23:00,0,115,7,NA,1
133861,BXQ,Indigo,5/25/2022,9:31:00,0,85,8,NA,1
133862,BXT,Indigo,5/25/2022,9:38:00,0,105,8,NA,1
133863,BXS,Indigo,5/25/2022,9:40:00,0,150,7,NA,NA
133864,BXR,Indigo,5/25/2022,9:41:00,0,90,7,NA,NA
133865,BXP,Indigo,5/25/2022,9:42:00,0,100,8,NA,1
133866,BWY,Indigo,5/25/2022,9:48:00,0,90,11,NA,1
133867,BWZ,Indigo,5/25/2022,9:52:00,0,105,6,NA,1
133868,BWX,Indigo,5/25/2022,9:55:00,0,50,13,NA,1
133869,BWV,Indigo,5/25/2022,9:58:00,0,40,8,NA,1
133870,BWW,Indigo,5/25/2022,10:00:00,0,90,9,NA,1
133871,BWS,Indigo,5/25/2022,10:02:00,0,70,11,NA,1
133872,BWQ,Indigo,5/25/2022,10:06:00,0,75,10,NA,1
133873,BWU,Indigo,5/25/2022,10:09:00,0,55,10,NA,NA
133874,BWR,Indigo,5/25/2022,10:10:00,0,50,7,NA,NA
133875,BWT,Indigo,5/25/2022,10:12:00,0,60,7,NA,NA
133978,CLZ,Indigo,5/26/2022,9:13:00,0,20,20,NA,NA
133979,CLX,Indigo,5/26/2022,9:14:00,0,135,8,NA,1
133982,CLW,Indigo,5/26/2022,9:17:00,0,145,5,NA,1
133985,CLV,Indigo,5/26/2022,9:19:00,0,120,7,NA,1
133986,CLY,Indigo,5/26/2022,9:21:00,0,70,9,NA,NA
133991,CLR,Indigo,5/26/2022,9:32:00,0,240,5,NA,1
133992,CLU,Indigo,5/26/2022,9:35:00,0,270,5,NA,1
133995,CLT,Indigo,5/26/2022,9:39:00,0,175,5,NA,1
133996,CLQ,Indigo,5/26/2022,9:42:00,0,210,5,NA,1
134001,CLS,Indigo,5/26/2022,9:47:00,0,30,9,NA,1
134007,CNA,Indigo,5/26/2022,9:55:00,0,245,8,NA,1
134010,CNC,Indigo,5/26/2022,10:00:00,0,75,11,NA,1
134012,CMZ,Indigo,5/26/2022,10:03:00,0,165,7,NA,1
134013,CNB,Indigo,5/26/2022,10:08:00,0,35,9,NA,1
134015,CND,Indigo,5/26/2022,10:10:00,0,30,8,NA,1
134029,CNK,Indigo,5/26/2022,10:23:00,0,145,6,NA,NA
134031,CNL,Indigo,5/26/2022,10:23:00,0,35,10,NA,NA
134032,CNJ,Indigo,5/26/2022,10:24:00,0,50,10,NA,1
134036,CNM,Indigo,5/26/2022,10:27:00,0,50,7,NA,NA
134037,CNN,Indigo,5/26/2022,10:27:00,0,80,6,NA,NA
134044,CNF,Indigo,5/26/2022,10:34:00,0,65,9,NA,1
134046,CNI,Indigo,5/26/2022,10:36:00,0,70,10,NA,1
134047,CNE,Indigo,5/26/2022,10:37:00,0,20,10,NA,1
134050,CNG,Indigo,5/26/2022,10:40:00,0,65,8,NA,NA
134052,CNH,Indigo,5/26/2022,10:41:00,0,19,18,NA,1
134414,BYT,Indigo,5/27/2022,13:35:00,1,100,9,NA,1
134419,BYX,Indigo,5/27/2022,13:39:00,1,35,10,NA,1
134422,BYW,Indigo,5/27/2022,13:45:00,1,45,10,NA,1
134423,BYV,Indigo,5/27/2022,13:48:00,1,90,8,NA,NA
134425,BYU,Indigo,5/27/2022,13:49:00,1,84,10,NA,1
134428,BYO,Indigo,5/27/2022,13:52:00,1,30,9,NA,NA
134430,BYP,Indigo,5/27/2022,13:53:00,1,65,7,NA,1
134432,BYR,Indigo,5/27/2022,13:56:00,1,55,7,NA,1
134435,BYS,Indigo,5/27/2022,13:59:00,1,100,8,NA,1
134437,BYQ,Indigo,5/27/2022,14:01:00,0,60,7,NA,1
134447,BXT,Indigo,5/27/2022,14:15:00,1,80,8,NA,1
134448,BXS,Indigo,5/27/2022,14:17:00,1,95,8,NA,1
134451,BXR,Indigo,5/27/2022,14:19:00,1,155,1,NA,NA
134455,BXQ,Indigo,5/27/2022,14:21:00,1,175,8,NA,1
134456,BXP,Indigo,5/27/2022,14:23:00,1,85,9,NA,1
134459,BWY,Indigo,5/27/2022,14:29:00,0,70,12,NA,1
134463,BWZ,Indigo,5/27/2022,14:33:00,0,105,6,NA,1
134472,BWX,Indigo,5/27/2022,14:36:00,0,55,13,NA,1
134477,BWV,Indigo,5/27/2022,14:39:00,1,45,8,NA,1
134482,BWW,Indigo,5/27/2022,14:41:00,1,95,8,NA,1
134491,BWS,Indigo,5/27/2022,14:44:00,1,135,11,NA,1
134500,BWQ,Indigo,5/27/2022,14:48:00,0,85,10,NA,1
134503,BWU,Indigo,5/27/2022,14:52:00,0,110,11,NA,NA
134507,BWR,Indigo,5/27/2022,14:53:00,1,60,8,NA,NA
134509,BWT,Indigo,5/27/2022,14:54:00,1,60,8,NA,NA
134564,FEZ,Indigo,5/28/2022,10:25:00,0,100,6,NA,1
134565,FEY,Indigo,5/28/2022,10:29:00,0,75,8,NA,1
134566,FEX,Indigo,5/28/2022,10:32:00,1,85,7,NA,1
134567,FEW,Indigo,5/28/2022,10:35:00,1,160,5,NA,1
134568,FEV,Indigo,5/28/2022,10:39:00,1,70,7,NA,1
134572,FEH,Indigo,5/28/2022,11:01:00,0,50,7,NA,NA
134573,FEI,Indigo,5/28/2022,11:03:00,1,70,8,NA,1
134575,FEJ,Indigo,5/28/2022,11:06:00,0,145,8,NA,1
134577,FEK,Indigo,5/28/2022,11:08:00,0,55,7,NA,1
134578,FEG,Indigo,5/28/2022,11:11:00,0,40,9,NA,NA
134584,FDR,Indigo,5/28/2022,11:22:00,0,50,8,NA,NA
134586,FDT,Indigo,5/28/2022,11:23:00,0,65,9,NA,NA
134588,FDS,Indigo,5/28/2022,11:26:00,0,120,5,NA,1
134590,FDV,Indigo,5/28/2022,11:29:00,0,50,8,NA,1
134591,FDU,Indigo,5/28/2022,11:33:00,0,55,8,NA,NA
134594,FDX,Indigo,5/28/2022,11:35:00,0,30,10,NA,1
134595,FDW,Indigo,5/28/2022,11:37:00,0,45,9,NA,1
134596,FDY,Indigo,5/28/2022,11:40:00,0,50,9,NA,1
134597,FDZ,Indigo,5/28/2022,11:43:00,0,45,8,NA,1
134598,FEA,Indigo,5/28/2022,11:48:00,0,45,7,NA,NA
134599,FDM,Indigo,5/28/2022,11:53:00,1,180,6,NA,1
134600,FDQ,Indigo,5/28/2022,11:57:00,0,50,7,NA,NA
134601,FDN,Indigo,5/28/2022,11:58:00,0,55,6,NA,1
134602,FDP,Indigo,5/28/2022,12:01:00,0,110,7,NA,1
134603,FDO,Indigo,5/28/2022,12:03:00,0,120,7,NA,NA
134609,BWT,Indigo,5/29/2022,10:16:00,0,160,9,NA,1
134610,BWR,Indigo,5/29/2022,10:18:00,0,80,8,NA,1
134611,BWU,Indigo,5/29/2022,10:21:00,0,80,10,NA,1
134612,BWQ,Indigo,5/29/2022,10:22:00,0,120,10,NA,1
134613,BWS,Indigo,5/29/2022,10:25:00,0,165,10,NA,1
134614,BWW,Indigo,5/29/2022,10:28:00,0,125,9,NA,1
134615,BWV,Indigo,5/29/2022,10:31:00,0,40,9,NA,1
134616,BWX,Indigo,5/29/2022,10:33:00,0,35,14,NA,1
134617,BWY,Indigo,5/29/2022,10:36:00,0,85,13,NA,1
134618,BWZ,Indigo,5/29/2022,10:39:00,0,155,6,NA,1
134619,BXQ,Indigo,5/29/2022,10:51:00,0,95,6,NA,1
134620,BXT,Indigo,5/29/2022,10:53:00,0,75,9,NA,NA
134621,BXS,Indigo,5/29/2022,10:54:00,0,150,8,NA,NA
134622,BXR,Indigo,5/29/2022,10:56:00,0,315,6,NA,1
134623,BXP,Indigo,5/29/2022,10:59:00,0,70,9,NA,NA
134624,BYQ,Indigo,5/29/2022,11:04:00,0,130,7,NA,1
134625,BYS,Indigo,5/29/2022,11:07:00,0,140,8,NA,1
134626,BYR,Indigo,5/29/2022,11:10:00,0,55,8,NA,1
134627,BYP,Indigo,5/29/2022,11:14:00,0,85,8,NA,NA
134628,BYO,Indigo,5/29/2022,11:14:00,0,45,7,NA,NA
134629,BYU,Indigo,5/29/2022,11:17:00,0,65,9,NA,1
134630,BYV,Indigo,5/29/2022,11:19:00,0,100,7,NA,1
134631,BYW,Indigo,5/29/2022,11:21:00,0,70,9,NA,1
134632,BYT,Indigo,5/29/2022,11:24:00,0,90,9,NA,1
134633,BYX,Indigo,5/29/2022,11:28:00,0,55,10,NA,1
134651,FDM,Indigo,5/30/2022,9:10:00,0,260,7,NA,1
134652,FDQ,Indigo,5/30/2022,9:12:00,0,40,7,NA,NA
134653,FDN,Indigo,5/30/2022,9:13:00,0,65,6,NA,1
134654,FDP,Indigo,5/30/2022,9:16:00,0,115,6,NA,1
134655,FDO,Indigo,5/30/2022,9:18:00,0,110,7,NA,NA
134656,FDX,Indigo,5/30/2022,9:27:00,0,30,10,NA,1
134657,FDW,Indigo,5/30/2022,9:29:00,0,40,8,NA,NA
134659,FEA,Indigo,5/30/2022,9:30:00,0,55,7,NA,1
134660,FDY,Indigo,5/30/2022,9:32:00,0,55,9,NA,1
134661,FDZ,Indigo,5/30/2022,9:34:00,0,35,9,NA,1
134662,FDV,Indigo,5/30/2022,9:40:00,0,55,8,NA,NA
134664,FDU,Indigo,5/30/2022,9:41:00,0,45,8,NA,NA
134665,FDS,Indigo,5/30/2022,9:43:00,0,90,6,NA,1
134666,FDR,Indigo,5/30/2022,9:45:00,0,45,9,NA,NA
134668,FDT,Indigo,5/30/2022,9:46:00,0,65,9,NA,NA
134671,FEG,Indigo,5/30/2022,9:54:00,0,25,8,NA,NA
134672,FEK,Indigo,5/30/2022,9:55:00,0,65,8,NA,1
134674,FEJ,Indigo,5/30/2022,9:57:00,0,200,7,NA,1
134676,FEH,Indigo,5/30/2022,10:00:00,0,60,7,NA,1
134678,FEI,Indigo,5/30/2022,10:03:00,0,85,8,NA,1
134688,FEY,Indigo,5/30/2022,10:12:00,0,100,8,NA,NA
134691,FEZ,Indigo,5/30/2022,10:13:00,0,105,6,NA,1
134694,FEW,Indigo,5/30/2022,10:16:00,0,190,5,NA,NA
134695,FEV,Indigo,5/30/2022,10:17:00,0,50,7,NA,NA
134696,FEX,Indigo,5/30/2022,10:18:00,0,80,6,NA,1
135115,FEY,Indigo,6/1/2022,8:55:00,0,95,8,NA,1
135117,FEZ,Indigo,6/1/2022,8:59:00,0,130,6,NA,1
135122,FEW,Indigo,6/1/2022,9:05:00,0,150,5,NA,1
135125,FEV,Indigo,6/1/2022,9:08:00,0,50,7,NA,NA
135128,FEX,Indigo,6/1/2022,9:09:00,0,70,6,NA,1
135143,FEH,Indigo,6/1/2022,9:21:00,0,65,7,NA,NA
135145,FEI,Indigo,6/1/2022,9:22:00,0,65,8,NA,1
135147,FEJ,Indigo,6/1/2022,9:24:00,0,128,8,NA,1
135149,FEK,Indigo,6/1/2022,9:26:00,0,70,7,NA,NA
135151,FEG,Indigo,6/1/2022,9:28:00,0,35,8,NA,NA
135156,FDR,Indigo,6/1/2022,9:33:00,0,50,9,NA,1
135158,FDT,Indigo,6/1/2022,9:35:00,0,70,10,NA,NA
135166,FDS,Indigo,6/1/2022,9:39:00,0,100,6,NA,1
135168,FDU,Indigo,6/1/2022,9:42:00,0,50,7,NA,NA
135170,FDV,Indigo,6/1/2022,9:43:00,0,60,8,NA,1
135172,FDX,Indigo,6/1/2022,9:47:00,0,30,10,NA,1
135173,FDW,Indigo,6/1/2022,9:49:00,0,65,9,NA,1
135175,FEA,Indigo,6/1/2022,9:51:00,0,65,8,NA,1
135179,FDY,Indigo,6/1/2022,9:54:00,0,80,9,NA,1
135189,FDZ,Indigo,6/1/2022,9:57:00,0,50,10,NA,1
136156,DCX,Indigo,6/6/2022,8:46:00,0,50,7,NA,1
136162,DCV,Indigo,6/6/2022,8:50:00,0,45,8,NA,1
136163,DCU,Indigo,6/6/2022,8:52:00,0,45,7,NA,1
136166,DCY,Indigo,6/6/2022,8:54:00,0,45,7,NA,1
136171,DCW,Indigo,6/6/2022,8:57:00,0,35,11,NA,1
136177,DCK,Indigo,6/6/2022,9:06:00,0,75,6,NA,1
136182,EQL,Indigo,6/6/2022,9:10:00,0,90,7,NA,1
136184,DCM,Indigo,6/6/2022,9:14:00,0,40,8,NA,1
136187,DCL,Indigo,6/6/2022,9:16:00,0,40,9,NA,1
136189,DCO,Indigo,6/6/2022,9:18:00,0,70,6,NA,1
136191,DCJ,Indigo,6/6/2022,9:21:00,0,45,8,NA,1
136192,DCF,Indigo,6/6/2022,9:24:00,0,150,6,NA,NA
136195,DCG,Indigo,6/6/2022,9:26:00,0,40,9,NA,1
136197,DCI,Indigo,6/6/2022,9:29:00,0,70,8,NA,NA
136199,DCH,Indigo,6/6/2022,9:29:00,0,55,10,NA,1
136201,DCC,Indigo,6/6/2022,9:34:00,0,55,9,NA,1
136203,DCD,Indigo,6/6/2022,9:36:00,0,45,8,NA,NA
136206,DCA,Indigo,6/6/2022,9:39:00,0,105,8,NA,NA
136208,DCE,Indigo,6/6/2022,9:40:00,0,115,6,NA,1
136211,DCB,Indigo,6/6/2022,9:43:00,0,45,8,NA,1
136227,DBO,Indigo,6/6/2022,9:57:00,0,13,19,NA,NA
136231,DBN,Indigo,6/6/2022,9:59:00,0,12,22,NA,1
136235,DBL,Indigo,6/6/2022,10:02:00,0,80,8,NA,1
136238,DBM,Indigo,6/6/2022,10:05:00,0,90,7,NA,1
136240,DBP,Indigo,6/6/2022,10:08:00,0,70,7,NA,1
136665,DBL,Indigo,6/8/2022,9:24:00,0,90,8,NA,NA
136668,DBN,Indigo,6/8/2022,9:25:00,0,11,21,NA,1
136672,DBO,Indigo,6/8/2022,9:27:00,0,16,18,NA,1
136677,DBM,Indigo,6/8/2022,9:30:00,0,90,8,NA,1
136682,DBP,Indigo,6/8/2022,9:32:00,0,80,8,NA,1
136690,DCB,Indigo,6/8/2022,9:37:00,0,30,7,NA,NA
136691,DCE,Indigo,6/8/2022,9:39:00,0,35,7,NA,1
136692,DCD,Indigo,6/8/2022,9:41:00,0,90,9,NA,1
136693,DCA,Indigo,6/8/2022,9:42:00,0,70,8,NA,1
136694,DCC,Indigo,6/8/2022,9:44:00,0,50,9,NA,NA
136695,DCJ,Indigo,6/8/2022,9:52:00,0,55,9,NA,1
136696,DCI,Indigo,6/8/2022,9:56:00,0,85,8,NA,1
136697,DCH,Indigo,6/8/2022,9:58:00,0,50,11,NA,1
136698,DCF,Indigo,6/8/2022,10:01:00,0,125,6,NA,1
136699,DCG,Indigo,6/8/2022,10:03:00,0,30,9,NA,NA
136701,DCL,Indigo,6/8/2022,10:09:00,0,70,8,NA,1
136702,DCO,Indigo,6/8/2022,10:12:00,0,85,6,NA,1
136703,DCK,Indigo,6/8/2022,10:14:00,0,80,6,NA,1
136704,DCM,Indigo,6/8/2022,10:17:00,0,40,8,NA,1
136705,EQL,Indigo,6/8/2022,10:19:00,0,80,7,NA,1
136707,DCW,Indigo,6/8/2022,10:29:00,0,55,8,NA,NA
136708,DCU,Indigo,6/8/2022,10:29:00,0,40,8,NA,NA
136709,DCY,Indigo,6/8/2022,10:30:00,0,55,7,NA,1
136710,DCX,Indigo,6/8/2022,10:33:00,0,45,7,NA,1
136712,DCV,Indigo,6/8/2022,10:34:00,0,50,7,NA,NA
137175,DCU,Indigo,6/10/2022,11:58:00,0,70,7,NA,1
137177,DCW,Indigo,6/10/2022,12:01:00,0,60,9,NA,1
137178,DCY,Indigo,6/10/2022,12:03:00,0,70,7,NA,1
137180,DCX,Indigo,6/10/2022,12:05:00,0,50,7,NA,1
137182,DCV,Indigo,6/10/2022,12:07:00,0,35,7,NA,NA
137188,DCL,Indigo,6/10/2022,12:18:00,0,55,8,NA,NA
137190,DCM,Indigo,6/10/2022,12:19:00,0,85,7,NA,NA
137193,DCO,Indigo,6/10/2022,12:20:00,0,90,6,NA,1
137197,DCK,Indigo,6/10/2022,12:23:00,0,70,6,NA,1
137200,EQL,Indigo,6/10/2022,12:25:00,0,90,5,NA,1
137202,DCJ,Indigo,6/10/2022,12:34:00,0,60,9,NA,1
137206,DCI,Indigo,6/10/2022,12:38:00,0,65,8,NA,1
137208,DCH,Indigo,6/10/2022,12:39:00,0,55,10,NA,1
137209,DCF,Indigo,6/10/2022,12:41:00,0,90,5,NA,1
137210,DCG,Indigo,6/10/2022,12:44:00,0,25,9,NA,1
137211,DCB,Indigo,6/10/2022,12:51:00,0,30,7,NA,NA
137212,DCE,Indigo,6/10/2022,12:53:00,0,90,7,NA,NA
137213,DCD,Indigo,6/10/2022,12:54:00,0,70,8,NA,1
137214,DCC,Indigo,6/10/2022,12:56:00,0,45,7,NA,1
137215,DCA,Indigo,6/10/2022,13:00:00,0,50,7,NA,1
137216,DBO,Indigo,6/10/2022,13:02:00,0,12,18,NA,NA
137217,DBN,Indigo,6/10/2022,13:10:00,0,15,18,NA,1
137218,DBL,Indigo,6/10/2022,13:12:00,0,45,7,NA,1
137219,DBM,Indigo,6/10/2022,13:14:00,0,50,8,NA,1
137220,DBP,Indigo,6/10/2022,13:16:00,0,65,7,NA,NA
137305,JAP,Indigo,6/12/2022,10:40:00,0,60,7,NA,1
137306,JAO,Indigo,6/12/2022,10:44:00,0,55,8,NA,1
137307,JAN,Indigo,6/12/2022,10:46:00,0,55,9,NA,1
137308,JAM,Indigo,6/12/2022,10:48:00,0,60,7,NA,NA
137309,JAL,Indigo,6/12/2022,10:49:00,0,85,5,NA,1
137310,JAT,Indigo,6/12/2022,10:54:00,0,60,8,NA,1
137311,JAU,Indigo,6/12/2022,10:57:00,0,50,8,NA,1
137312,JAS,Indigo,6/12/2022,11:02:00,0,150,5,NA,NA
137313,JAR,Indigo,6/12/2022,11:04:00,0,60,8,NA,1
137314,JAQ,Indigo,6/12/2022,11:08:00,0,75,8,NA,1
137315,JAV,Indigo,6/12/2022,11:11:00,0,100,7,NA,1
137316,JAW,Indigo,6/12/2022,11:13:00,0,65,6,NA,1
137317,JAX,Indigo,6/12/2022,11:15:00,0,90,5,NA,1
137318,JAY,Indigo,6/12/2022,11:18:00,0,165,7,NA,1
137319,JAZ,Indigo,6/12/2022,11:32:00,0,90,8,NA,1
137320,JBA,Indigo,6/12/2022,11:36:00,0,70,7,NA,1
137321,JBB,Indigo,6/12/2022,11:40:00,0,65,9,NA,1
137322,JBD,Indigo,6/12/2022,11:43:00,0,65,6,NA,1
137323,JBC,Indigo,6/12/2022,11:46:00,0,55,6,NA,1
137324,JBE,Indigo,6/12/2022,11:49:00,0,170,5,NA,1
137325,JBK,Indigo,6/12/2022,11:57:00,0,85,10,NA,1
137327,JBL,Indigo,6/12/2022,12:09:00,0,85,10,NA,1
137330,JBM,Indigo,6/12/2022,12:13:00,0,55,10,NA,NA
137333,JBN,Indigo,6/12/2022,12:16:00,0,115,6,NA,1
137334,JBO,Indigo,6/12/2022,12:19:00,0,60,10,NA,1
137851,JAP,Indigo,6/14/2022,12:12:00,0,75,7,NA,1
137853,JAO,Indigo,6/14/2022,12:17:00,0,65,8,NA,1
137856,JAM,Indigo,6/14/2022,12:21:00,0,100,6,NA,1
137857,JAN,Jacob,6/14/2022,12:21:00,0,75,9,NA,NA
137859,JAL,Indigo,6/14/2022,12:23:00,0,95,7,NA,1
137862,JAU,Indigo,6/14/2022,12:30:00,0,65,8,NA,1
137863,JAT,Jacob,6/14/2022,12:30:00,0,65,8,NA,1
137864,JAS,Jacob,6/14/2022,12:37:00,0,120,6,NA,1
137866,JAR,Indigo,6/14/2022,12:41:00,0,55,7,NA,1
137867,JAQ,Jacob,6/14/2022,12:42:00,0,55,9,NA,1
137871,JAV,Indigo,6/14/2022,12:46:00,0,95,8,NA,1
137872,JAW,Jacob,6/14/2022,12:48:00,0,65,5,NA,1
137873,JAX,Indigo,6/14/2022,12:50:00,0,75,5,NA,1
137875,JAY,Jacob,6/14/2022,12:52:00,0,80,7,NA,1
137876,JAZ,Jacob,6/14/2022,12:55:00,0,45,10,NA,1
137878,JBA,Jacob,6/14/2022,12:59:00,0,45,7,NA,1
137880,JBB,Indigo,6/14/2022,12:58:00,0,55,9,NA,1
137882,JBD,Jacob,6/14/2022,13:03:00,0,50,5,NA,1
137884,JBC,Indigo,6/14/2022,13:04:00,0,70,6,NA,1
137886,JBE,Jacob,6/14/2022,13:06:00,0,65,7,NA,1
137887,JBK,Indigo,6/14/2022,13:14:00,0,55,11,NA,1
137888,JBM,Indigo,6/14/2022,13:16:00,0,65,10,NA,1
137890,JBN,Jacob,6/14/2022,13:19:00,0,55,7,NA,1
137893,JBO,Indigo,6/14/2022,13:23:00,0,60,10,NA,NA
137894,JBL,Jacob,6/14/2022,13:24:00,0,50,13,NA,NA
138246,JBK,Indigo,6/16/2022,9:52:00,0,80,10,NA,1
138247,JBL,Indigo,6/16/2022,9:54:00,0,90,10,NA,1
138248,JBM,Indigo,6/16/2022,9:57:00,0,60,9,NA,1
138250,JBN,Indigo,6/16/2022,9:59:00,0,140,7,NA,1
138260,JBO,Indigo,6/16/2022,10:04:00,0,65,9,NA,1
138264,JBE,Indigo,6/16/2022,10:09:00,0,170,6,NA,1
138275,JBC,Indigo,6/16/2022,10:15:00,0,55,6,NA,1
138278,JBB,Indigo,6/16/2022,10:17:00,0,65,9,NA,1
138280,JBD,Indigo,6/16/2022,10:20:00,0,35,7,NA,NA
138284,JBA,Indigo,6/16/2022,10:24:00,0,70,7,NA,1
138288,JAZ,Indigo,6/16/2022,10:27:00,0,60,9,NA,1
138291,JAY,Indigo,6/16/2022,10:32:00,0,130,7,NA,1
138292,JAX,Indigo,6/16/2022,10:35:00,0,135,6,NA,1
138293,JAW,Indigo,6/16/2022,10:38:00,0,65,6,NA,1
138294,JAV,Indigo,6/16/2022,10:40:00,0,95,8,NA,1
138299,JAQ,Indigo,6/16/2022,10:44:00,0,75,8,NA,1
138305,JAR,Indigo,6/16/2022,10:48:00,0,50,9,NA,1
138306,JAS,Indigo,6/16/2022,10:50:00,0,125,6,NA,1
138308,JAT,Indigo,6/16/2022,10:54:00,0,50,8,NA,1
138310,JAU,Indigo,6/16/2022,10:57:00,0,65,8,NA,1
138316,JAL,Indigo,6/16/2022,11:05:00,0,65,6,NA,NA
138322,JAM,Indigo,6/16/2022,11:07:00,0,75,6,NA,1
138327,JAN,Indigo,6/16/2022,11:14:00,0,50,8,NA,1
138330,JAO,Indigo,6/16/2022,11:16:00,0,60,8,NA,1
138333,JAP,Indigo,6/16/2022,11:20:00,0,70,8,NA,1
138816,IRQ,Indigo,6/20/2022,8:31:00,0,55,8,NA,1
138817,IRR,Indigo,6/20/2022,8:34:00,0,70,7,NA,1
138818,IRO,Indigo,6/20/2022,8:36:00,0,120,8,NA,1
138820,IRP,Indigo,6/20/2022,8:40:00,0,40,8,NA,NA
138821,IRS,Indigo,6/20/2022,8:41:00,0,95,7,NA,1
138822,IRV,Indigo,6/20/2022,8:47:00,0,75,8,NA,1
138824,IRX,Indigo,6/20/2022,8:50:00,0,45,8,NA,NA
138827,IRW,Indigo,6/20/2022,8:51:00,0,100,6,NA,1
138830,IRT,Indigo,6/20/2022,8:53:00,0,30,8,NA,1
138834,IRU,Indigo,6/20/2022,8:56:00,0,30,9,NA,1
138838,IRY,Indigo,6/20/2022,9:00:00,0,70,7,NA,1
138841,ISA,Indigo,6/20/2022,9:02:00,0,50,8,NA,NA
138843,IRZ,Indigo,6/20/2022,9:03:00,0,45,7,NA,NA
138845,ISB,Indigo,6/20/2022,9:04:00,0,50,7,NA,NA
138851,ISC,Indigo,6/20/2022,9:05:00,0,70,7,NA,1
138854,ISD,Indigo,6/20/2022,9:12:00,0,35,7,NA,1
138858,ISF,Indigo,6/20/2022,9:15:00,0,75,8,NA,1
138862,ISE,Indigo,6/20/2022,9:17:00,0,55,8,NA,1
138865,ISG,Indigo,6/20/2022,9:19:00,0,40,7,NA,NA
138869,ISH,Indigo,6/20/2022,9:20:00,0,55,7,NA,1
138874,ISI,Indigo,6/20/2022,9:28:00,0,80,7,NA,1
138880,ISJ,Indigo,6/20/2022,9:30:00,0,65,7,NA,1
138882,ISM,Indigo,6/20/2022,9:34:00,0,65,9,NA,NA
138883,ISK,Indigo,6/20/2022,9:35:00,0,50,9,NA,1
138884,ISL,Indigo,6/20/2022,9:37:00,0,45,8,NA,1
135200,FDM,Indigo,6/1/2022,10:05:00,1,195,6,NA,1
135201,FDQ,Indigo,6/1/2022,10:08:00,2,55,7,NA,1
135207,FDN,Indigo,6/1/2022,10:10:00,3,60,6,NA,1
135210,FDP,Indigo,6/1/2022,10:12:00,4,95,7,NA,1
135218,FDO,Indigo,6/1/2022,10:14:00,5,170,7,NA,1
139182,CLZ,Indigo,6/21/2022,11:50:00,0,16,17,NA,NA
139184,CLY,Indigo,6/21/2022,11:51:00,0,65,8,NA,1
139189,CLX,Indigo,6/21/2022,11:56:00,0,140,8,NA,1
139190,CLW,Indigo,6/21/2022,12:01:00,0,80,6,NA,1
139191,CLV,Indigo,6/21/2022,12:04:00,0,110,7,NA,1
139194,CLR,Indigo,6/21/2022,12:11:00,0,115,5,NA,1
139197,CLT,Indigo,6/21/2022,12:14:00,0,155,5,NA,1
139201,CLU,Indigo,6/21/2022,12:16:00,0,300,6,NA,1
139205,CLQ,Indigo,6/21/2022,12:22:00,0,130,5,NA,1
139207,CLS,Indigo,6/21/2022,12:27:00,0,25,9,NA,1
139218,CNA,Indigo,6/21/2022,12:36:00,0,220,7,NA,1
139221,CNC,Indigo,6/21/2022,12:40:00,0,85,10,NA,1
139225,CMZ,Indigo,6/21/2022,12:44:00,0,165,7,NA,1
139228,CNB,Indigo,6/21/2022,12:48:00,0,35,9,NA,1
139232,CND,Indigo,6/21/2022,12:50:00,0,40,9,NA,1
139251,CNK,Indigo,6/21/2022,13:09:00,0,140,6,NA,NA
139254,CNL,Indigo,6/21/2022,13:10:00,0,65,8,NA,1
139257,CNJ,Indigo,6/21/2022,13:13:00,0,50,9,NA,1
139260,CNN,Indigo,6/21/2022,13:15:00,0,85,6,NA,1
139262,CNM,Indigo,6/21/2022,13:16:00,0,60,7,NA,NA
139266,CNF,Indigo,6/21/2022,13:19:00,0,55,10,NA,NA
139269,CNI,Indigo,6/21/2022,13:20:00,0,50,10,NA,1
139274,CNE,Indigo,6/21/2022,13:23:00,0,35,12,NA,1
139276,CNG,Indigo,6/21/2022,13:25:00,0,60,8,NA,NA
139279,CNH,Indigo,6/21/2022,13:26:00,0,19,19,NA,1
139508,ISI,Indigo,6/22/2022,12:27:00,0,65,7,NA,1
139514,ISJ,Indigo,6/22/2022,12:31:00,0,65,8,NA,1
139516,ISM,Indigo,6/22/2022,12:35:00,0,55,9,NA,1
139517,ISK,Indigo,6/22/2022,12:38:00,0,50,9,NA,NA
139518,ISL,Indigo,6/22/2022,12:40:00,0,45,8,NA,1
139526,ISH,Indigo,6/22/2022,12:50:00,0,55,7,NA,1
139530,ISF,Indigo,6/22/2022,12:52:00,0,65,8,NA,1
139532,ISD,Indigo,6/22/2022,12:54:00,0,40,6,NA,1
139534,ISE,Indigo,6/22/2022,12:56:00,0,45,8,NA,1
139535,ISG,Indigo,6/22/2022,12:59:00,0,45,7,NA,1
139537,IRY,Indigo,6/22/2022,13:07:00,0,75,8,NA,1
139538,ISA,Indigo,6/22/2022,13:09:00,0,45,8,NA,1
139539,IRZ,Indigo,6/22/2022,13:11:00,0,40,8,NA,NA
139540,ISB,Indigo,6/22/2022,13:12:00,0,45,8,NA,NA
139541,ISC,Indigo,6/22/2022,13:14:00,0,45,7,NA,1
139544,IRU,Indigo,6/22/2022,13:23:00,0,30,9,NA,1
139546,IRT,Indigo,6/22/2022,13:26:00,0,40,8,NA,1
139547,IRW,Indigo,6/22/2022,13:28:00,0,120,6,NA,1
139548,IRX,Indigo,6/22/2022,13:30:00,0,50,8,NA,1
139550,IRV,Indigo,6/22/2022,13:31:00,0,60,8,NA,NA
139551,IRS,Indigo,6/22/2022,13:36:00,0,100,7,NA,1
139552,IRP,Indigo,6/22/2022,13:38:00,0,40,8,NA,NA
139553,IRO,Indigo,6/22/2022,13:39:00,0,105,9,NA,1
139555,IRQ,Indigo,6/22/2022,13:42:00,0,40,9,NA,1
139556,IRR,Indigo,6/22/2022,13:44:00,0,65,7,NA,1
139702,CNE,Indigo,6/23/2022,12:36:00,0,35,11,NA,1
139703,CNG,Indigo,6/23/2022,12:38:00,0,55,8,NA,NA
139704,CNH,Indigo,6/23/2022,12:39:00,0,19,18,NA,1
139707,CNI,Indigo,6/23/2022,12:41:00,0,80,9,NA,1
139710,CNF,Indigo,6/23/2022,12:45:00,0,80,9,NA,1
139711,CNK,Indigo,6/23/2022,12:51:00,0,150,6,NA,1
139713,CNL,Indigo,6/23/2022,12:54:00,0,55,9,NA,NA
139717,CNJ,Indigo,6/23/2022,12:55:00,0,35,9,NA,NA
139719,CNM,Indigo,6/23/2022,12:56:00,0,45,7,NA,1
139721,CNN,Indigo,6/23/2022,12:59:00,0,90,6,NA,1
139745,CNB,Indigo,6/23/2022,13:18:00,0,35,10,NA,1
139749,CND,Indigo,6/23/2022,13:20:00,0,45,8,NA,1
139753,CMZ,Indigo,6/23/2022,13:22:00,0,190,7,NA,1
139758,CNC,Indigo,6/23/2022,13:26:00,0,105,11,NA,1
139762,CNA,Indigo,6/23/2022,13:30:00,0,165,6,NA,1
139770,CLS,Indigo,6/23/2022,13:38:00,0,35,9,NA,1
139773,CLQ,Indigo,6/23/2022,13:40:00,0,125,5,NA,1
139778,CLU,Indigo,6/23/2022,13:43:00,0,250,5,NA,1
139781,CLT,Indigo,6/23/2022,13:47:00,0,175,5,NA,1
139784,CLR,Indigo,6/23/2022,13:50:00,0,185,6,NA,NA
139798,CLZ,Indigo,6/23/2022,13:56:00,0,17,17,NA,1
139805,CLY,Indigo,6/23/2022,13:58:00,0,65,9,NA,1
139813,CLX,Indigo,6/23/2022,14:02:00,0,130,8,NA,1
139821,CLW,Indigo,6/23/2022,14:07:00,0,250,6,NA,1
139825,CLV,Indigo,6/23/2022,14:09:00,0,100,7,NA,NA
140135,IRQ,Indigo,6/24/2022,12:28:00,0,55,8,NA,NA
140136,IRR,Indigo,6/24/2022,12:29:00,0,70,8,NA,1
140137,IRO,Indigo,6/24/2022,12:31:00,0,125,8,NA,1
140138,IRP,Indigo,6/24/2022,12:34:00,0,45,8,NA,1
140142,IRS,Indigo,6/24/2022,12:36:00,0,90,7,NA,1
140144,IRV,Indigo,6/24/2022,12:44:00,0,75,8,NA,1
140146,IRX,Indigo,6/24/2022,12:49:00,0,55,8,NA,1
140148,IRW,Indigo,6/24/2022,12:51:00,0,110,6,NA,NA
140149,IRT,Indigo,6/24/2022,12:52:00,0,45,8,NA,NA
140150,IRU,Indigo,6/24/2022,12:53:00,0,30,9,NA,1
140154,IRY,Indigo,6/24/2022,13:01:00,0,35,8,NA,1
140156,ISA,Indigo,6/24/2022,13:03:00,0,50,8,NA,NA
140157,IRZ,Indigo,6/24/2022,13:04:00,0,35,8,NA,1
140158,ISB,Indigo,6/24/2022,13:05:00,0,60,8,NA,1
140160,ISC,Indigo,6/24/2022,13:08:00,0,65,7,NA,1
140164,ISD,Indigo,6/24/2022,13:17:00,0,40,7,NA,1
140166,ISF,Indigo,6/24/2022,13:19:00,0,70,8,NA,NA
140167,ISH,Indigo,6/24/2022,13:20:00,0,65,7,NA,1
140168,ISG,Indigo,6/24/2022,13:22:00,0,40,7,NA,1
140172,ISI,Indigo,6/24/2022,13:30:00,0,70,7,NA,1
140175,ISJ,Indigo,6/24/2022,13:33:00,0,45,8,NA,1
140176,ISM,Indigo,6/24/2022,13:38:00,0,60,9,NA,1
140177,ISK,Indigo,6/24/2022,13:39:00,0,50,9,NA,1
140178,ISL,Indigo,6/24/2022,13:41:00,0,40,7,NA,1
140247,CLZ,Indigo,6/25/2022,12:31:00,0,25,16,NA,1
140248,CLY,Indigo,6/25/2022,12:34:00,0,130,8,NA,1
140249,CLX,Indigo,6/25/2022,12:38:00,0,120,7,NA,1
140250,CLW,Indigo,6/25/2022,12:41:00,0,90,6,NA,1
140251,CLV,Indigo,6/25/2022,12:45:00,0,85,7,NA,NA
140252,CLR,Indigo,6/25/2022,13:03:00,0,155,5,NA,NA
140253,CLT,Indigo,6/25/2022,13:05:00,0,110,6,NA,1
140254,CLU,Indigo,6/25/2022,13:07:00,0,195,5,NA,1
140255,CLQ,Indigo,6/25/2022,13:10:00,0,125,6,NA,1
140256,CLS,Indigo,6/25/2022,13:13:00,0,50,8,NA,1
140257,CNA,Indigo,6/25/2022,13:23:00,0,120,7,NA,1
140258,CNC,Indigo,6/25/2022,13:26:00,0,60,12,NA,1
140259,CMZ,Indigo,6/25/2022,13:28:00,0,200,7,NA,1
140260,CNB,Indigo,6/25/2022,13:31:00,0,35,10,NA,1
140261,CND,Indigo,6/25/2022,13:33:00,0,30,9,NA,1
140262,CNK,Indigo,6/25/2022,13:48:00,0,105,6,NA,1
140263,CNL,Indigo,6/25/2022,13:50:00,0,55,8,NA,1
140264,CNJ,Indigo,6/25/2022,13:53:00,0,35,9,NA,NA
140265,CNM,Indigo,6/25/2022,13:54:00,0,70,7,NA,NA
140266,CNN,Indigo,6/25/2022,13:55:00,0,135,6,NA,1
140267,CNF,Indigo,6/25/2022,14:00:00,0,40,9,NA,NA
140268,CNI,Indigo,6/25/2022,14:01:00,0,35,10,NA,NA
140269,CNE,Indigo,6/25/2022,14:02:00,0,14,12,NA,NA
140270,CNG,Indigo,6/25/2022,14:03:00,0,25,8,NA,1
140271,CNH,Indigo,6/25/2022,14:04:00,0,35,13,NA,1
140316,FEZ,Indigo,6/26/2022,11:16:00,0,105,6,NA,NA
140317,FEY,Indigo,6/26/2022,11:17:00,0,80,8,NA,1
140318,FEX,Indigo,6/26/2022,11:25:00,0,50,7,NA,1
140319,FEW,Indigo,6/26/2022,11:31:00,0,165,5,NA,1
140320,FEV,Indigo,6/26/2022,11:37:00,0,80,7,NA,1
140321,FEH,Indigo,6/26/2022,11:45:00,0,55,7,NA,1
140322,FEI,Indigo,6/26/2022,11:47:00,0,70,8,NA,NA
140323,FEJ,Indigo,6/26/2022,11:49:00,0,150,7,NA,1
140324,FEK,Indigo,6/26/2022,11:51:00,0,75,7,NA,1
140326,FEG,Indigo,6/26/2022,11:53:00,0,25,8,NA,NA
140331,FDX,Indigo,6/26/2022,11:59:00,0,25,9,NA,1
140332,FDW,Indigo,6/26/2022,12:01:00,0,45,8,NA,1
140333,FEA,Indigo,6/26/2022,12:03:00,0,50,8,NA,1
140334,FDY,Indigo,6/26/2022,12:05:00,0,55,8,NA,1
140335,FDZ,Indigo,6/26/2022,12:07:00,0,40,9,NA,1
140336,FDV,Indigo,6/26/2022,12:14:00,0,55,7,NA,1
140337,FDU,Indigo,6/26/2022,12:16:00,0,55,7,NA,NA
140338,FDS,Indigo,6/26/2022,12:17:00,0,95,6,NA,1
140339,FDT,Indigo,6/26/2022,12:21:00,0,60,8,NA,1
140340,FDR,Indigo,6/26/2022,12:25:00,0,55,8,NA,1
140341,FDM,Indigo,6/26/2022,12:28:00,0,115,6,NA,NA
140342,FDQ,Indigo,6/26/2022,12:29:00,0,40,7,NA,NA
140343,FDN,Indigo,6/26/2022,12:30:00,0,70,6,NA,1
140344,FDP,Indigo,6/26/2022,12:32:00,0,85,6,NA,1
140345,FDO,Indigo,6/26/2022,12:35:00,0,130,6,NA,1
140433,BWT,Indigo,6/27/2022,9:59:00,0,70,7,NA,NA
140435,BWR,Indigo,6/27/2022,10:01:00,0,80,7,NA,1
140440,BWU,Indigo,6/27/2022,10:02:00,0,90,10,NA,1
140443,BWQ,Indigo,6/27/2022,10:05:00,0,100,10,NA,NA
140449,BWS,Indigo,6/27/2022,10:08:00,0,105,11,NA,1
140454,BWW,Indigo,6/27/2022,10:12:00,0,85,8,NA,NA
140457,BWV,Indigo,6/27/2022,10:15:00,0,45,9,NA,1
140458,BWX,Indigo,6/27/2022,10:17:00,0,40,11,NA,1
140461,BWY,Indigo,6/27/2022,10:20:00,0,95,14,NA,1
140465,BXQ,Indigo,6/27/2022,10:30:00,0,75,7,NA,1
140466,BXT,Indigo,6/27/2022,10:33:00,0,95,8,NA,1
140467,BXS,Indigo,6/27/2022,10:35:00,0,95,7,NA,1
140468,BXR,Indigo,6/27/2022,10:38:00,0,140,7,NA,NA
140469,BXP,Indigo,6/27/2022,10:39:00,0,100,9,NA,1
140470,BYQ,Indigo,6/27/2022,10:42:00,0,80,7,NA,1
140471,BYS,Indigo,6/27/2022,10:46:00,0,100,8,NA,1
140472,BYR,Indigo,6/27/2022,10:51:00,0,40,8,NA,1
140473,BYP,Indigo,6/27/2022,10:56:00,0,65,8,NA,NA
140474,BYO,Indigo,6/27/2022,10:57:00,0,35,9,NA,1
140475,BYU,Indigo,6/27/2022,11:01:00,0,80,9,NA,NA
140476,BYT,Indigo,6/27/2022,11:03:00,0,75,9,NA,1
140477,BYX,Indigo,6/27/2022,11:05:00,0,40,11,NA,2
140478,BYV,Indigo,6/27/2022,11:07:00,0,85,7,NA,1
140479,BYW,Indigo,6/27/2022,11:09:00,0,60,8,NA,1
140719,FDM,Indigo,6/28/2022,12:57:00,0,135,6,NA,1
140720,FDQ,Indigo,6/28/2022,12:59:00,0,45,7,NA,1
140721,FDN,Indigo,6/28/2022,13:02:00,0,50,7,NA,1
140722,FDP,Indigo,6/28/2022,13:05:00,0,120,6,NA,NA
140723,FDO,Indigo,6/28/2022,13:06:00,0,75,7,NA,1
140724,FDR,Indigo,6/28/2022,13:15:00,0,50,8,NA,NA
140725,FDT,Indigo,6/28/2022,13:18:00,0,60,9,NA,1
140726,FDS,Indigo,6/28/2022,13:25:00,0,105,7,NA,NA
140727,FDU,Indigo,6/28/2022,13:26:00,0,25,7,NA,NA
140728,FDV,Indigo,6/28/2022,13:27:00,0,40,8,NA,1
140729,FEA,Indigo,6/28/2022,13:33:00,0,35,8,NA,1
140730,FDY,Indigo,6/28/2022,13:35:00,0,55,7,NA,1
140731,FDZ,Indigo,6/28/2022,13:41:00,0,45,9,NA,1
140732,FDX,Indigo,6/28/2022,13:44:00,0,25,10,NA,1
140733,FDW,Indigo,6/28/2022,13:46:00,0,80,8,NA,1
140734,FEG,Indigo,6/28/2022,13:54:00,0,25,8,NA,NA
140735,FEK,Indigo,6/28/2022,13:55:00,0,85,7,NA,1
140736,FEJ,Indigo,6/28/2022,13:59:00,0,120,6,NA,1
140737,FEH,Indigo,6/28/2022,14:05:00,0,55,7,NA,NA
140738,FEI,Indigo,6/28/2022,14:06:00,0,50,7,NA,1
140739,FEX,Indigo,6/28/2022,14:13:00,0,75,6,NA,NA
140740,FEW,Indigo,6/28/2022,14:17:00,0,150,5,NA,1
140741,FEV,Indigo,6/28/2022,14:20:00,0,90,7,NA,1
140742,FEZ,Indigo,6/28/2022,14:23:00,0,115,5,NA,NA
140743,FEY,Indigo,6/28/2022,14:24:00,0,55,8,NA,1
140875,BYT,Indigo,6/29/2022,10:36:00,1,60,9,NA,1
140876,BYX,Indigo,6/29/2022,10:38:00,1,50,10,NA,1
140882,BYW,Indigo,6/29/2022,10:53:00,1,85,9,NA,1
140883,BYV,Indigo,6/29/2022,10:57:00,1,45,7,NA,1
140884,BYU,Indigo,6/29/2022,10:59:00,1,95,10,NA,1
140888,BYO,Indigo,6/29/2022,11:02:00,1,35,10,NA,1
140891,BYP,Indigo,6/29/2022,11:04:00,0,95,8,NA,1
140894,BYR,Indigo,6/29/2022,11:08:00,1,45,8,NA,1
140895,BYS,Indigo,6/29/2022,11:10:00,0,70,7,NA,NA
140898,BYQ,Indigo,6/29/2022,11:11:00,1,60,7,NA,1
140917,BXQ,Indigo,6/29/2022,11:31:00,0,95,8,NA,NA
140918,BXT,Indigo,6/29/2022,11:32:00,1,70,8,NA,NA
140921,BXS,Indigo,6/29/2022,11:33:00,0,175,6,NA,1
140923,BXR,Indigo,6/29/2022,11:36:00,0,105,8,NA,1
140925,BXP,Indigo,6/29/2022,11:38:00,1,65,8,NA,1
140931,BWZ,Indigo,6/29/2022,11:44:00,1,90,6,NA,1
140940,BWY,Indigo,6/29/2022,11:53:00,1,65,11,NA,1
140943,BWX,Indigo,6/29/2022,11:56:00,0,50,13,NA,1
140946,BWV,Indigo,6/29/2022,11:58:00,1,40,10,NA,NA
140950,BWW,Indigo,6/29/2022,12:02:00,0,80,8,NA,NA
140954,BWS,Indigo,6/29/2022,12:02:00,1,60,11,NA,1
140956,BWQ,Indigo,6/29/2022,12:05:00,0,70,9,NA,1
140957,BWU,Indigo,6/29/2022,12:14:00,0,90,9,NA,1
140958,BWR,Indigo,6/29/2022,12:16:00,0,50,7,NA,NA
140959,BWT,Indigo,6/29/2022,12:18:00,0,75,7,NA,1
141047,FEZ,Indigo,6/30/2022,9:39:00,0,60,6,NA,1
141049,FEY,Indigo,6/30/2022,9:42:00,0,65,8,NA,1
141053,FEW,Indigo,6/30/2022,9:44:00,0,140,6,NA,1
141059,FEV,Indigo,6/30/2022,9:47:00,0,50,7,NA,1
141066,FEX,Indigo,6/30/2022,9:56:00,0,65,6,NA,NA
141074,FEH,Indigo,6/30/2022,10:02:00,0,45,8,NA,NA
141075,FEI,Indigo,6/30/2022,10:03:00,0,70,8,NA,1
141082,FEJ,Indigo,6/30/2022,10:08:00,0,140,7,NA,1
141087,FEK,Indigo,6/30/2022,10:12:00,0,60,7,NA,1
141089,FEG,Indigo,6/30/2022,10:15:00,0,40,8,NA,NA
141090,FDX,Indigo,6/30/2022,10:20:00,0,40,8,NA,NA
141091,FDW,Indigo,6/30/2022,10:21:00,0,50,9,NA,1
141092,FEA,Indigo,6/30/2022,10:23:00,0,55,8,NA,1
141094,FDY,Indigo,6/30/2022,10:26:00,0,70,8,NA,1
141095,FDZ,Indigo,6/30/2022,10:28:00,0,35,10,NA,NA
141096,FDV,Indigo,6/30/2022,10:35:00,0,50,8,NA,1
141097,FDU,Indigo,6/30/2022,10:38:00,0,45,6,NA,1
141098,FDS,Indigo,6/30/2022,10:40:00,0,90,6,NA,1
141101,FDT,Indigo,6/30/2022,10:47:00,0,60,8,NA,1
141103,FDR,Indigo,6/30/2022,10:49:00,0,60,8,NA,1
141106,FDM,Indigo,6/30/2022,10:53:00,0,145,6,NA,1
141107,FDQ,Indigo,6/30/2022,10:56:00,0,40,7,NA,1
141109,FDN,Indigo,6/30/2022,10:58:00,0,50,7,NA,NA
141111,FDP,Indigo,6/30/2022,11:00:00,0,100,7,NA,1
141114,FDO,Indigo,6/30/2022,11:02:00,0,100,6,NA,1
141489,BWT,Indigo,7/1/2022,12:24:00,0,50,8,NA,NA
141490,BWR,Indigo,7/1/2022,12:25:00,0,50,7,NA,1
141491,BWU,Indigo,7/1/2022,12:27:00,0,60,11,NA,NA
141492,BWQ,Indigo,7/1/2022,12:32:00,0,70,13,NA,NA
141493,BWS,Indigo,7/1/2022,12:34:00,0,80,13,NA,1
141494,BWW,Indigo,7/1/2022,12:38:00,0,75,8,NA,NA
141495,BWV,Indigo,7/1/2022,12:38:00,0,30,9,NA,NA
141496,BWX,Indigo,7/1/2022,12:39:00,0,60,15,NA,1
141497,BWY,Indigo,7/1/2022,12:41:00,0,45,14,NA,1
141499,BXQ,Indigo,7/1/2022,12:52:00,0,65,7,NA,1
141501,BXT,Indigo,7/1/2022,12:54:00,0,45,7,NA,1
141502,BXS,Indigo,7/1/2022,12:56:00,0,130,6,NA,1
141504,BXR,Indigo,7/1/2022,12:58:00,0,125,6,NA,NA
141505,BXP,Indigo,7/1/2022,12:59:00,0,80,9,NA,1
141508,BWZ,Indigo,7/1/2022,13:04:00,0,90,7,NA,1
141509,BYO,Indigo,7/1/2022,13:06:00,0,70,7,NA,NA
141511,BYS,Indigo,7/1/2022,13:10:00,0,120,7,NA,1
141513,BYR,Indigo,7/1/2022,13:13:00,0,30,7,NA,1
141514,BYP,Indigo,7/1/2022,13:15:00,0,65,8,NA,NA
141515,BYO,Indigo,7/1/2022,13:15:00,0,35,8,NA,NA
141517,BYU,Indigo,7/1/2022,13:17:00,0,65,9,NA,1
141521,BYW,Indigo,7/1/2022,13:19:00,0,45,9,NA,1
141523,BYV,Indigo,7/1/2022,13:22:00,0,70,7,NA,1
141525,BYT,Indigo,7/1/2022,13:23:00,0,75,9,NA,1
141527,BYX,Indigo,7/1/2022,13:25:00,0,45,11,NA,1
141835,DBN,Indigo,7/4/2022,13:36:00,0,35,17,NA,NA
141836,DBL,Indigo,7/4/2022,13:38:00,0,65,7,NA,NA
141837,DBO,Indigo,7/4/2022,13:39:00,0,10,20,NA,NA
141838,DBM,Indigo,7/4/2022,13:40:00,0,60,8,NA,NA
141839,DBP,Indigo,7/4/2022,13:41:00,0,95,6,NA,NA
141840,DCB,Indigo,7/4/2022,13:45:00,0,50,7,NA,NA
141841,DCC,Indigo,7/4/2022,13:46:00,0,45,7,NA,NA
141842,DCA,Indigo,7/4/2022,13:47:00,0,65,7,NA,NA
141843,DCD,Indigo,7/4/2022,13:48:00,0,45,7,NA,1
141844,DCE,Indigo,7/4/2022,13:52:00,0,90,6,NA,1
141845,DCJ,Indigo,7/4/2022,13:56:00,0,60,8,NA,1
141846,DCI,Indigo,7/4/2022,13:59:00,0,55,8,NA,NA
141847,DCH,Indigo,7/4/2022,14:00:00,0,50,10,NA,NA
141848,DCF,Indigo,7/4/2022,14:01:00,0,120,6,NA,1
141849,DCG,Indigo,7/4/2022,14:03:00,0,45,8,NA,1
141850,DCL,Indigo,7/4/2022,14:09:00,0,40,7,NA,1
141851,DCM,Indigo,7/4/2022,14:11:00,0,45,8,NA,NA
141852,DCK,Indigo,7/4/2022,14:12:00,0,75,6,NA,1
141853,EQL,Indigo,7/4/2022,14:14:00,0,85,6,NA,NA
141854,DCO,Indigo,7/4/2022,14:19:00,0,75,5,NA,1
141857,DCW,Indigo,7/4/2022,14:34:00,0,70,7,NA,NA
141859,DCU,Indigo,7/4/2022,14:35:00,0,45,7,NA,1
141860,DCY,Indigo,7/4/2022,14:37:00,0,65,7,NA,1
141861,DCX,Indigo,7/4/2022,14:39:00,0,65,7,NA,NA
141862,DCV,Indigo,7/4/2022,14:40:00,0,45,7,NA,NA
142274,DCW,Indigo,7/6/2022,10:33:00,0,85,6,NA,1
142277,DCU,Indigo,7/6/2022,10:36:00,0,60,7,NA,1
142279,DCY,Indigo,7/6/2022,10:38:00,0,40,7,NA,1
142281,DCX,Indigo,7/6/2022,10:41:00,0,60,7,NA,1
142284,DCV,Indigo,7/6/2022,10:43:00,0,45,7,NA,1
142290,DCL,Indigo,7/6/2022,10:55:00,0,50,8,NA,1
142291,EQL,Indigo,7/6/2022,10:58:00,0,90,6,NA,1
142293,DCM,Indigo,7/6/2022,10:59:00,0,65,8,NA,NA
142295,DCK,Indigo,7/6/2022,11:01:00,0,65,6,NA,1
142299,DCO,Indigo,7/6/2022,11:07:00,0,140,5,NA,NA
142303,DCH,Indigo,7/6/2022,11:09:00,0,45,11,NA,1
142305,DCI,Indigo,7/6/2022,11:11:00,0,40,8,NA,1
142307,DCF,Indigo,7/6/2022,11:13:00,0,90,7,NA,1
142308,DCG,Indigo,7/6/2022,11:15:00,0,55,8,NA,NA
142310,DCJ,Indigo,7/6/2022,11:19:00,0,40,8,NA,1
142312,DCA,Indigo,7/6/2022,11:24:00,0,65,8,NA,1
142314,DCC,Indigo,7/6/2022,11:26:00,0,55,9,NA,1
142316,DCD,Indigo,7/6/2022,11:27:00,0,40,8,NA,1
142319,DCE,Indigo,7/6/2022,11:32:00,0,95,6,NA,1
142322,DCB,Indigo,7/6/2022,11:34:00,0,30,8,NA,1
142323,DBO,Indigo,7/6/2022,11:39:00,0,30,18,NA,NA
142324,DBN,Indigo,7/6/2022,11:40:00,0,12,20,NA,1
142325,DBL,Indigo,7/6/2022,11:42:00,0,55,9,NA,NA
142326,DBM,Indigo,7/6/2022,11:42:00,0,60,7,NA,NA
142327,DBP,Indigo,7/6/2022,11:43:00,0,115,7,NA,NA
142462,JBK,Indigo,7/7/2022,9:25:00,0,70,10,NA,1
142463,JBL,Indigo,7/7/2022,9:29:00,0,65,10,NA,1
142468,JBM,Indigo,7/7/2022,9:31:00,0,50,9,NA,1
142473,JBN,Indigo,7/7/2022,9:33:00,0,95,6,NA,1
142476,JBO,Indigo,7/7/2022,9:39:00,0,45,9,NA,1
142483,JBE,Indigo,7/7/2022,9:43:00,0,125,6,NA,NA
142488,JBC,Indigo,7/7/2022,9:47:00,0,65,6,NA,NA
142489,JBB,Indigo,7/7/2022,9:48:00,0,45,8,NA,1
142490,JBD,Indigo,7/7/2022,9:50:00,0,55,7,NA,NA
142494,JBA,Indigo,7/7/2022,9:50:00,0,70,7,NA,1
142502,JAZ,Indigo,7/7/2022,9:54:00,0,40,9,NA,1
142504,JAY,Indigo,7/7/2022,9:59:00,0,70,7,NA,1
142508,JAX,Indigo,7/7/2022,10:01:00,0,65,6,NA,1
142513,JAW,Indigo,7/7/2022,10:03:00,0,70,7,NA,NA
142516,JAV,Indigo,7/7/2022,10:04:00,0,85,8,NA,1
142517,JAQ,Indigo,7/7/2022,10:08:00,0,55,8,NA,NA
142520,JAR,Indigo,7/7/2022,10:08:00,0,65,8,NA,1
142524,JAS,Indigo,7/7/2022,10:11:00,0,130,6,NA,1
142530,JAT,Indigo,7/7/2022,10:16:00,0,40,8,NA,1
142531,JAU,Indigo,7/7/2022,10:17:00,0,50,8,NA,1
142532,JAL,Indigo,7/7/2022,10:22:00,0,75,6,NA,1
142533,JAM,Indigo,7/7/2022,10:24:00,0,105,7,NA,1
142534,JAN,Indigo,7/7/2022,10:26:00,0,60,8,NA,NA
142535,JAO,Indigo,7/7/2022,10:27:00,0,40,9,NA,NA
142536,JAP,Indigo,7/7/2022,10:31:00,0,55,7,NA,1
142833,DBN,Indigo,7/8/2022,11:38:00,1,18,19,NA,1
142835,DBL,Indigo,7/8/2022,11:41:00,1,55,8,NA,NA
142837,DBM,Indigo,7/8/2022,11:42:00,0,45,9,NA,1
142840,DBP,Indigo,7/8/2022,11:45:00,1,60,8,NA,1
142843,DBO,Indigo,7/8/2022,11:46:00,0,13,18,NA,NA
142846,DCB,Indigo,7/8/2022,11:50:00,0,35,8,NA,1
142849,DCE,Indigo,7/8/2022,11:52:00,0,85,6,NA,1
142858,DCD,Indigo,7/8/2022,11:57:00,1,70,8,NA,1
142860,DCB,Indigo,7/8/2022,12:00:00,0,40,8,NA,NA
142863,DCC,Indigo,7/8/2022,12:00:00,0,55,8,NA,1
142868,DCJ,Indigo,7/8/2022,12:05:00,0,55,9,NA,1
142873,DCI,Indigo,7/8/2022,12:09:00,1,55,8,NA,1
142875,DCH,Indigo,7/8/2022,12:11:00,1,45,9,NA,NA
142878,DCF,Indigo,7/8/2022,12:12:00,0,120,7,NA,1
142880,DCG,Indigo,7/8/2022,12:15:00,0,40,9,NA,1
142902,DCW,Indigo,7/8/2022,12:49:00,0,60,8,NA,1
142887,DCL,Indigo,7/8/2022,12:23:00,0,45,8,NA,1
142890,DCO,Indigo,7/8/2022,12:26:00,0,70,6,NA,1
142896,DCM,Indigo,7/8/2022,12:27:00,0,40,8,NA,1
142897,DCK,Indigo,7/8/2022,12:38:00,0,55,6,NA,1
142899,EQL,Indigo,7/8/2022,12:40:00,0,125,5,NA,1
142904,DCU,Indigo,7/8/2022,12:51:00,1,50,7,NA,1
142905,DCY,Indigo,7/8/2022,12:53:00,0,50,7,NA,1
142906,DCX,Indigo,7/8/2022,12:54:00,1,55,7,NA,NA
142907,DCV,Indigo,7/8/2022,12:55:00,0,35,7,NA,1
142970,JAP,Indigo,7/9/2022,11:47:00,0,65,7,NA,1
142971,JAO,Indigo,7/9/2022,11:53:00,0,50,8,NA,1
142972,JAN,Indigo,7/9/2022,11:55:00,0,60,9,NA,1
142973,JAM,Indigo,7/9/2022,11:59:00,0,70,7,NA,1
142974,JAL,Indigo,7/9/2022,12:01:00,0,80,6,NA,1
142975,JAU,Indigo,7/9/2022,12:03:00,0,75,8,NA,1
142976,JAT,Indigo,7/9/2022,12:07:00,0,65,9,NA,1
142977,JAS,Indigo,7/9/2022,12:11:00,0,90,6,NA,1
142979,JAR,Indigo,7/9/2022,12:14:00,0,50,7,NA,1
142981,JAQ,Indigo,7/9/2022,12:16:00,0,60,8,NA,1
142986,JAV,Indigo,7/9/2022,12:19:00,0,50,8,NA,1
142989,JAW,Indigo,7/9/2022,12:21:00,0,80,7,NA,1
142992,JAX,Indigo,7/9/2022,12:23:00,0,85,8,NA,1
142993,JAY,Indigo,7/9/2022,12:25:00,0,95,6,NA,1
142999,JAZ,Indigo,7/9/2022,12:33:00,0,65,8,NA,1
143002,JBA,Indigo,7/9/2022,12:40:00,0,75,7,NA,NA
143005,JBB,Indigo,7/9/2022,12:41:00,0,55,9,NA,1
143007,JBD,Indigo,7/9/2022,12:44:00,0,60,7,NA,1
143008,JBC,Indigo,7/9/2022,12:46:00,0,75,6,NA,1
143009,JBE,Indigo,7/9/2022,12:49:00,0,110,6,NA,1
143010,JBK,Indigo,7/9/2022,12:56:00,0,70,9,NA,1
143012,JBL,Indigo,7/9/2022,12:58:00,0,60,11,NA,1
143014,JBM,Indigo,7/9/2022,13:00:00,0,65,9,NA,1
143015,JBN,Indigo,7/9/2022,13:02:00,0,95,6,NA,1
143016,JBO,Indigo,7/9/2022,13:07:00,0,50,8,NA,1
143126,ISI,Indigo,7/10/2022,16:22:00,1,70,7,NA,NA
143127,ISJ,Indigo,7/10/2022,16:26:00,1,70,7,NA,NA
143128,ISM,Indigo,7/10/2022,16:27:00,1,55,8,NA,NA
143129,ISK,Indigo,7/10/2022,16:28:00,1,60,9,NA,NA
143130,ISL,Indigo,7/10/2022,16:29:00,1,50,7,NA,NA
143131,ISH,Indigo,7/10/2022,16:35:00,1,45,7,NA,NA
143132,ISG,Indigo,7/10/2022,16:36:00,1,30,7,NA,NA
143133,ISF,Indigo,7/10/2022,16:39:00,1,60,7,NA,NA
143134,ISE,Indigo,7/10/2022,16:42:00,1,78,8,NA,NA
143135,ISD,Indigo,7/10/2022,16:43:00,1,45,7,NA,NA
143136,ISA,Indigo,7/10/2022,16:46:00,1,50,7,NA,NA
143137,IRZ,Indigo,7/10/2022,16:48:00,1,40,8,NA,NA
143138,ISB,Indigo,7/10/2022,16:49:00,1,65,7,NA,NA
143139,ISC,Indigo,7/10/2022,16:51:00,1,45,8,NA,NA
143140,IRY,Indigo,7/10/2022,16:54:00,1,55,8,NA,NA
143141,IRU,Indigo,7/10/2022,16:58:00,1,40,8,NA,NA
143142,IRT,Indigo,7/10/2022,17:05:00,1,40,9,NA,NA
143143,IRW,Indigo,7/10/2022,17:06:00,1,115,6,NA,NA
143144,IRX,Indigo,7/10/2022,17:07:00,1,45,8,NA,NA
143145,IRV,Indigo,7/10/2022,17:08:00,1,70,8,NA,NA
143146,IRS,Indigo,7/10/2022,17:12:00,1,135,7,NA,NA
143147,IRP,Indigo,7/10/2022,17:16:00,1,55,8,NA,NA
143148,IRO,Indigo,7/10/2022,17:17:00,1,95,8,NA,NA
143149,IRQ,Indigo,7/10/2022,17:19:00,1,50,8,NA,NA
143150,IRR,Indigo,7/10/2022,17:20:00,1,50,7,NA,NA
143265,JBO,Indigo,7/11/2022,10:37:00,0,60,8,NA,NA
143266,JBN,Indigo,7/11/2022,10:40:00,0,75,6,NA,NA
143268,JBM,Indigo,7/11/2022,10:42:00,0,70,9,NA,NA
143269,JBL,Indigo,7/11/2022,10:47:00,0,70,9,NA,NA
143270,JBK,Indigo,7/11/2022,10:49:00,0,70,9,NA,NA
143278,JBE,Indigo,7/11/2022,10:53:00,0,120,6,NA,NA
143283,JBC,Indigo,7/11/2022,10:59:00,0,55,6,NA,NA
143284,JBB,Indigo,7/11/2022,11:01:00,0,45,9,NA,NA
143285,JBD,Indigo,7/11/2022,11:03:00,0,65,7,NA,NA
143286,JBA,Indigo,7/11/2022,11:05:00,0,65,6,NA,NA
143287,JAZ,Indigo,7/11/2022,11:07:00,0,50,9,NA,NA
143288,JAY,Indigo,7/11/2022,11:21:00,0,140,7,NA,NA
143289,JAX,Indigo,7/11/2022,11:23:00,0,130,6,NA,NA
143290,JAW,Indigo,7/11/2022,11:26:00,0,95,6,NA,NA
143291,JAV,Indigo,7/11/2022,11:27:00,0,50,7,NA,NA
143292,JAQ,Indigo,7/11/2022,11:29:00,0,65,8,NA,NA
143293,JAR,Indigo,7/11/2022,11:31:00,0,45,7,NA,NA
143294,JAS,Indigo,7/11/2022,11:33:00,0,120,6,NA,NA
143295,JAT,Indigo,7/11/2022,11:38:00,0,40,8,NA,NA
143296,JAU,Indigo,7/11/2022,11:38:00,0,55,9,NA,NA
143297,JAL,Indigo,7/11/2022,11:41:00,0,90,6,NA,NA
143298,JAM,Indigo,7/11/2022,11:43:00,0,40,7,NA,NA
143299,JAN,Indigo,7/11/2022,11:45:00,0,50,9,NA,NA
143300,JAO,Indigo,7/11/2022,11:47:00,0,50,8,NA,NA
143301,JAP,Indigo,7/11/2022,11:51:00,0,65,6,NA,NA
143558,IRQ,Indigo,7/12/2022,12:40:00,0,45,8,NA,NA
143560,IRR,Indigo,7/12/2022,12:41:00,0,55,8,NA,NA
143562,IRO,Indigo,7/12/2022,12:42:00,0,100,8,NA,NA
143563,IRP,Indigo,7/12/2022,12:44:00,0,55,8,NA,NA
143564,IRS,Indigo,7/12/2022,12:45:00,0,75,7,NA,NA
143566,IRV,Indigo,7/12/2022,12:49:00,0,65,8,NA,NA
143567,IRW,Indigo,7/12/2022,12:51:00,0,90,6,NA,NA
143568,IRX,Indigo,7/12/2022,12:52:00,0,50,7,NA,NA
143569,IRU,Indigo,7/12/2022,12:53:00,0,35,9,NA,NA
143570,IRY,Indigo,7/12/2022,13:00:00,0,60,7,NA,NA
143571,ISA,Indigo,7/12/2022,13:05:00,0,45,8,NA,NA
143572,IRZ,Indigo,7/12/2022,13:07:00,0,30,8,NA,NA
143573,ISC,Indigo,7/12/2022,13:08:00,0,50,7,NA,NA
143575,ISB,Indigo,7/12/2022,13:10:00,0,55,7,NA,NA
143579,ISD,Indigo,7/12/2022,13:16:00,0,35,6,NA,NA
143581,ISE,Indigo,7/12/2022,13:18:00,0,70,7,NA,NA
143582,ISF,Indigo,7/12/2022,13:20:00,0,45,8,NA,NA
143583,ISG,Indigo,7/12/2022,13:22:00,0,35,7,NA,NA
143584,ISH,Indigo,7/12/2022,13:26:00,0,45,8,NA,NA
143585,ISI,Indigo,7/12/2022,13:31:00,0,45,7,NA,NA
143586,ISJ,Indigo,7/12/2022,13:32:00,0,60,7,NA,NA
143587,ISM,Indigo,7/12/2022,13:34:00,0,60,8,NA,NA
143588,ISK,Indigo,7/12/2022,13:36:00,0,60,8,NA,NA
143589,ISL,Indigo,7/12/2022,13:38:00,0,35,8,NA,NA
144017,ISI,Indigo,7/14/2022,10:00:00,1,55,7,NA,NA
144018,ISJ,Indigo,7/14/2022,10:02:00,1,55,8,NA,NA
144020,ISM,Indigo,7/14/2022,10:04:00,1,55,8,NA,NA
144030,ISK,Indigo,7/14/2022,10:07:00,1,50,8,NA,NA
144031,ISL,Indigo,7/14/2022,10:14:00,0,35,7,NA,NA
144040,ISH,Indigo,7/14/2022,10:24:00,0,40,7,NA,NA
144043,ISG,Indigo,7/14/2022,10:26:00,0,25,8,NA,NA
144044,ISE,Indigo,7/14/2022,10:30:00,0,75,8,NA,NA
144045,ISF,Indigo,7/14/2022,10:33:00,1,50,7,NA,NA
144046,ISD,Indigo,7/14/2022,10:34:00,0,40,6,NA,NA
144050,ISA,Indigo,7/14/2022,10:38:00,0,35,8,NA,NA
144051,IRZ,Indigo,7/14/2022,10:39:00,1,55,9,NA,NA
144054,ISB,Indigo,7/14/2022,10:40:00,0,55,7,NA,NA
144056,ISC,Indigo,7/14/2022,10:42:00,0,60,8,NA,NA
144059,IRY,Indigo,7/14/2022,10:45:00,1,70,7,NA,NA
144061,IRU,Indigo,7/14/2022,10:48:00,0,30,9,NA,NA
144067,IRT,Indigo,7/14/2022,10:53:00,0,35,8,NA,NA
144069,IRW,Indigo,7/14/2022,10:55:00,1,75,6,NA,NA
144070,IRX,Indigo,7/14/2022,10:56:00,0,45,8,NA,NA
144071,IRV,Indigo,7/14/2022,10:58:00,0,55,8,NA,NA
144075,IRS,Indigo,7/14/2022,11:02:00,1,100,7,NA,NA
144080,IRP,Indigo,7/14/2022,11:08:00,1,60,8,NA,NA
144081,IRO,Indigo,7/14/2022,11:11:00,0,85,8,NA,NA
144083,IRQ,Indigo,7/14/2022,11:13:00,0,35,8,NA,NA
144087,IRR,Indigo,7/14/2022,11:14:00,0,65,7,NA,NA
144389,CNK,Indigo,7/16/2022,11:09:00,0,165,6,NA,NA
144390,CNL,Indigo,7/16/2022,11:11:00,0,50,8,NA,NA
144392,CNJ,Indigo,7/16/2022,11:13:00,0,40,9,NA,NA
144393,CNN,Indigo,7/16/2022,11:14:00,0,80,6,NA,NA
144394,CNM,Indigo,7/16/2022,11:15:00,0,50,7,NA,NA
144398,CNF,Indigo,7/16/2022,11:18:00,0,50,9,NA,NA
144399,CNI,Indigo,7/16/2022,11:19:00,0,55,8,NA,NA
144400,CNH,Indigo,7/16/2022,11:24:00,0,25,11,NA,NA
144403,CNG,Indigo,7/16/2022,11:27:00,0,75,7,NA,NA
144405,CNE,Indigo,7/16/2022,11:28:00,0,25,10,NA,NA
144407,CNB,Indigo,7/16/2022,11:39:00,0,30,7,NA,NA
144408,CND,Indigo,7/16/2022,11:41:00,0,30,8,NA,NA
144409,CMZ,Indigo,7/16/2022,11:42:00,0,260,6,NA,NA
144410,CNC,Indigo,7/16/2022,11:46:00,0,45,10,NA,NA
144413,CNA,Indigo,7/16/2022,11:46:00,0,320,7,NA,NA
144414,CLS,Indigo,7/16/2022,11:54:00,0,50,8,NA,NA
144416,CLQ,Indigo,7/16/2022,11:57:00,0,145,5,NA,NA
144417,CLU,Indigo,7/16/2022,11:59:00,0,450,6,NA,NA
144418,CLT,Indigo,7/16/2022,12:02:00,0,90,5,NA,NA
144419,CLR,Indigo,7/16/2022,12:04:00,0,150,5,NA,NA
144420,CLZ,Indigo,7/16/2022,12:22:00,1,15,20,NA,NA
144421,CLY,Indigo,7/16/2022,12:22:00,1,85,8,NA,NA
144422,CLX,Indigo,7/16/2022,12:26:00,1,130,8,NA,NA
144423,CLW,Indigo,7/16/2022,12:27:00,1,70,7,NA,NA
144424,CLV,Indigo,7/16/2022,12:30:00,1,150,7,NA,NA
144644,CLZ,Indigo,7/18/2022,11:01:00,0,15,18,NA,NA
144647,CLY,Indigo,7/18/2022,11:04:00,0,85,8,NA,NA
144651,CLX,Indigo,7/18/2022,11:08:00,0,130,7,NA,NA
144653,CLW,Indigo,7/18/2022,11:10:00,0,150,6,NA,NA
144654,CLV,Indigo,7/18/2022,11:12:00,0,150,7,NA,NA
144655,CLR,Indigo,7/18/2022,11:17:00,0,165,5,NA,NA
144656,CLT,Indigo,7/18/2022,11:19:00,0,215,6,NA,NA
144657,CLU,Indigo,7/18/2022,11:22:00,0,225,6,NA,NA
144658,CLQ,Indigo,7/18/2022,11:24:00,0,125,6,NA,NA
144659,CLS,Indigo,7/18/2022,11:26:00,0,50,9,NA,NA
144660,CNA,Indigo,7/18/2022,11:33:00,0,250,7,NA,NA
144661,CNC,Indigo,7/18/2022,11:35:00,0,65,10,NA,NA
144662,CMZ,Indigo,7/18/2022,11:37:00,0,220,8,NA,NA
144663,CNB,Indigo,7/18/2022,11:40:00,0,40,9,NA,NA
144664,CND,Indigo,7/18/2022,11:41:00,0,40,9,NA,NA
144665,CNE,Indigo,7/18/2022,11:53:00,0,20,11,NA,NA
144666,CNG,Indigo,7/18/2022,11:54:00,0,25,7,NA,NA
144667,CNH,Indigo,7/18/2022,11:56:00,0,18,16,NA,NA
144668,CNI,Indigo,7/18/2022,11:57:00,0,60,10,NA,NA
144670,CNF,Indigo,7/18/2022,12:02:00,0,35,9,NA,NA
144672,CNK,Indigo,7/18/2022,12:03:00,0,90,6,NA,NA
144674,CNL,Indigo,7/18/2022,12:05:00,0,70,8,NA,NA
144676,CNJ,Indigo,7/18/2022,12:07:00,0,30,8,NA,NA
144678,CNN,Indigo,7/18/2022,12:10:00,0,95,6,NA,NA
144679,CNM,Indigo,7/18/2022,12:12:00,0,40,7,NA,NA
145117,CNK,Indigo,7/20/2022,10:11:00,0,100,6,NA,NA
145118,CNL,Indigo,7/20/2022,10:14:00,0,60,8,NA,NA
145121,CNJ,Indigo,7/20/2022,10:16:00,0,60,9,NA,NA
145124,CNN,Indigo,7/20/2022,10:19:00,0,165,6,NA,NA
145126,CNM,Indigo,7/20/2022,10:20:00,0,65,7,NA,NA
145128,CNF,Indigo,7/20/2022,10:22:00,0,55,9,NA,NA
145129,CNI,Indigo,7/20/2022,10:23:00,0,40,9,NA,NA
145130,CNE,Indigo,7/20/2022,10:25:00,0,30,12,NA,NA
145131,CNG,Indigo,7/20/2022,10:26:00,0,45,7,NA,NA
145133,CNH,Indigo,7/20/2022,10:28:00,0,30,12,NA,NA
145147,CNB,Indigo,7/20/2022,10:43:00,0,25,8,NA,NA
145148,CND,Indigo,7/20/2022,10:46:00,0,30,9,NA,NA
145151,CMZ,Indigo,7/20/2022,10:49:00,0,160,7,NA,NA
145152,CNC,Indigo,7/20/2022,10:51:00,0,40,9,NA,NA
145153,CNA,Indigo,7/20/2022,10:53:00,0,140,7,NA,NA
145156,CLS,Indigo,7/20/2022,11:01:00,0,25,9,NA,NA
145159,CLQ,Indigo,7/20/2022,11:03:00,0,155,5,NA,NA
145162,CLU,Indigo,7/20/2022,11:05:00,0,200,5,NA,NA
145163,CLT,Indigo,7/20/2022,11:09:00,0,130,5,NA,NA
145164,CLR,Indigo,7/20/2022,11:11:00,0,140,6,NA,NA
145165,CLZ,Indigo,7/20/2022,11:18:00,0,25,17,NA,NA
145167,CLY,Indigo,7/20/2022,11:19:00,0,75,9,NA,NA
145168,CLW,Indigo,7/20/2022,11:25:00,0,100,7,NA,NA
145170,CLX,Indigo,7/20/2022,11:27:00,0,100,8,NA,NA
145171,CLV,Indigo,7/20/2022,11:29:00,0,100,7,NA,NA
