circles,euclideanDistance,jaccardDissimilarity,treeDissimilarity,canopyCover,distanceToRoad,geographicDistance,forest_1km
DF1_DF2,21.141809162486393,0.4,0,0.06,0.05285218946365569,0.057511296293998496,0
DF1_DF3,20.003855087563505,0.40909090909090906,0.6666666666666667,0.05,0.15554544698434808,0.1565587421381959,0
DF1_DF4,20.722266842854307,0.23809523809523814,0.6,0.01,0.24825146212577834,0.2503518143378299,0
DF1_DF5,25.920707901163798,0.3913043478260869,0.75,0.04,0.3394417304005282,0.4345347894256653,0
DF1_ERSP1,27.00493030852525,0.41666666666666663,0.33333333333333337,0.03,0.3038624493740957,10.300569213829935,0.077997231
DF1_ERSP2,22.581745748249034,0.31818181818181823,0.5,0.08,0.29976584986586674,10.359368853765158,0.077997231
DF1_ERSP3,24.800151798681352,0.43999999999999995,0.5,0.02,0.2631880696655629,10.415028305208482,0.077997231
DF1_ERSP4,24.31727924038393,0.41666666666666663,0.33333333333333337,0.16,0.23964185513230496,10.49205553437816,0.077997231
DF1_ERSP6,24.27243279310219,0.375,0.33333333333333337,0.1,0.28205290614473244,10.643725167799799,0.077997231
DF1_JMNP1,26.74895701493871,0.48,0.75,0.08,0.26990787195927146,3.0225502566931426,0.13063959400000003
DF1_JMNP2,23.413859036642723,0.43999999999999995,0.33333333333333337,0.06,0.3494085959445106,2.9289027902754303,0.13063959400000003
DF1_JMNP3,23.96477534432583,0.4782608695652174,0.6666666666666667,0.08,0.28494435193292283,2.9466409394616084,0.13063959400000003
DF1_JMNP5,25.45505786284377,0.4545454545454546,1,0.04,0.4078584420258296,2.886890721889778,0.13063959400000003
DF1_JMNP8,20.68708039896911,0.2857142857142857,0.33333333333333337,0.08,0.22783821403923507,3.098219613300555,0.13063959400000003
DF1_NCBG1,28.454054105451913,0.5217391304347826,1,0.14,0.27379413318077517,9.209815119380039,0.430050245
DF1_NCBG4,21.10827141931654,0.38888888888888884,0.33333333333333337,0.06,0.195868449110529,9.355063520701885,0.430050245
DF1_NCBG5,22.905093898220947,0.41666666666666663,0.5,0.07,0.28129103831747354,9.439672955459846,0.430050245
DF1_NCBG6,27.034056197202055,0.3913043478260869,0.33333333333333337,0.02,0.31387170028224287,9.501380041012315,0.430050245
DF1_NCBG8,26.57090017875577,0.5714285714285714,1,0.08,0.35105664334079545,9.373510658165102,0.430050245
DF1_NCSU10,28.32718179222894,0.52,0.8333333333333334,0.02,0.31722289940533155,38.4565995264595,0.8489754740000001
DF1_NCSU11,27.244905789527998,0.5769230769230769,0.33333333333333337,0.04,0.35035855341720434,38.422519808579025,0.8489754740000001
DF1_NCSU2,26.906688277684285,0.5384615384615384,1,0.01,0.40664482199737795,37.70518961291116,0.8489754740000001
DF1_NCSU3,29.24446245196515,0.5666666666666667,1,0.02,0.4161324391699623,37.828846556152975,0.8489754740000001
DF1_NCSU9,31.011597387220952,0.5862068965517242,1,0.01,0.38849047214820615,37.79754033296411,0.8489754740000001
DF1_UNC13,30.215023727500185,0.5925925925925926,1,0.08,0.40108143601099,8.649374692212344,0.780717938
DF1_UNC14,25.606183123209764,0.48,1,0.21,0.40650263439306655,8.520133932896417,0.780717938
DF1_UNC3,31.347817281746508,0.6538461538461539,1,0,0.3955805440210621,8.734763451301763,0.780717938
DF1_UNC4,30.23831900791055,0.6538461538461539,1,0.42,0.41264376044073114,8.722279915776534,0.780717938
DF1_UNC8,30.389973735056014,0.6666666666666667,1,0,0.4227387760505475,8.617977582766127,0.780717938
DF2_DF3,14.75623626941081,0.368421052631579,0.6666666666666667,0.01,0.10269325752069239,0.10281752894917429,0
DF2_DF4,23.309214719586635,0.4285714285714286,0.6,0.07,0.19539927266212265,0.19564430832056673,0
DF2_DF5,24.58046920283718,0.4285714285714286,0.75,0.02,0.28658954093687256,0.3785153321764204,0
DF2_ERSP1,23.444076296272907,0.38095238095238093,0.33333333333333337,0.03,0.35671463883775134,10.24609618809966,0.077997231
DF2_ERSP2,29.213335275240613,0.4285714285714286,0.5,0.02,0.35261803932952246,10.304832477128498,0.077997231
DF2_ERSP3,24.380925671150138,0.40909090909090906,0.5,0.04,0.3160402591292186,10.360558870773028,0.077997231
DF2_ERSP4,22.67636273177293,0.5217391304347826,0.33333333333333337,0.1,0.2924940445959606,10.437695451700185,0.077997231
DF2_ERSP6,25.92507405512237,0.5416666666666667,0.33333333333333337,0.04,0.33490509560838816,10.589546274855332,0.077997231
DF2_JMNP1,27.21967698995473,0.5833333333333333,0.75,0.02,0.3227600614229271,3.0292824340619413,0.13063959400000003
DF2_JMNP2,25.37819538175368,0.4782608695652174,0.33333333333333337,0,0.40226078540816634,2.9357539754316786,0.13063959400000003
DF2_JMNP3,25.891139307908357,0.5238095238095238,0.6666666666666667,0.02,0.3377965413965785,2.9563957501812266,0.13063959400000003
DF2_JMNP5,19.248227285183965,0.33333333333333337,1,0.1,0.4607106314894853,2.8928796729591095,0.13063959400000003
DF2_JMNP8,19.811252065150406,0.4,0.33333333333333337,0.02,0.28069040350289076,3.0997210141678972,0.13063959400000003
DF2_NCBG1,29.687007401442575,0.5714285714285714,1,0.08,0.3266463226444309,9.264935083953404,0.430050245
DF2_NCBG4,17.330012245653897,0.33333333333333337,0.33333333333333337,0,0.2487206385741847,9.410127666176088,0.430050245
DF2_NCBG5,21.08980964290464,0.38095238095238093,0.5,0.01,0.3341432277811292,9.494918713678492,0.430050245
DF2_NCBG6,26.45942098667595,0.5,0.33333333333333337,0.04,0.3667238897458986,9.556725613541309,0.430050245
DF2_NCBG8,21.39747339132089,0.375,1,0.02,0.40390883280445117,9.428846991383862,0.430050245
DF2_NCSU10,25.97009215088263,0.5652173913043479,0.8333333333333334,0.04,0.3700750888689872,38.46798263663006,0.8489754740000001
DF2_NCSU11,26.861188132801257,0.6799999999999999,0.33333333333333337,0.02,0.40321074288086006,38.4338828000049,0.8489754740000001
DF2_NCSU2,27.068300473534805,0.5217391304347826,1,0.07,0.45949701146103367,37.7158614287082,0.8489754740000001
DF2_NCSU3,28.487901237345497,0.7,1,0.08,0.468984628633618,37.83943142140446,0.8489754740000001
DF2_NCSU9,27.781825391786352,0.5769230769230769,1,0.05,0.44134266161186186,37.80888157303081,0.8489754740000001
DF2_UNC13,26.476624665572853,0.4545454545454546,1,0.14,0.45393362547464566,8.706690178072408,0.780717938
DF2_UNC14,22.18958484455799,0.4545454545454546,1,0.15,0.45935482385672227,8.577424304773126,0.780717938
DF2_UNC3,27.381963357950486,0.5238095238095238,1,0.06,0.44843273348471774,8.79210056148046,0.780717938
DF2_UNC4,25.357637727538037,0.5909090909090908,1,0.36,0.46549594990438686,8.77960584855524,0.780717938
DF2_UNC8,27.35508894108728,0.6666666666666667,1,0.06,0.47559096551420316,8.675327732238335,0.780717938
DF3_DF4,23.757433878206914,0.5,0.6,0.06,0.09270601514143027,0.09384549661759474,0
DF3_DF5,24.726147631004682,0.5,0.33333333333333337,0.01,0.18389628341618017,0.3069595591619258,0
DF3_ERSP1,24.41993905645555,0.3913043478260869,0.75,0.02,0.45940789635844376,10.144101479301222,0.077997231
DF3_ERSP2,25.948566052801485,0.4347826086956522,0.5,0.03,0.4553112968502148,10.202883561368663,0.077997231
DF3_ERSP3,24.011008156581546,0.5384615384615384,0.8,0.03,0.41873351664991093,10.258561655549721,0.077997231
DF3_ERSP4,24.27296005095559,0.52,0.75,0.11,0.39518730211665304,10.335623333616713,0.077997231
DF3_ERSP6,21.970913752775406,0.41666666666666663,0.75,0.05,0.4375983531290805,10.487360387472137,0.077997231
DF3_JMNP1,29.675826111573212,0.6296296296296297,1,0.03,0.4254533189436196,2.9978780958435567,0.13063959400000003
DF3_JMNP2,23.755690286368427,0.41666666666666663,0.33333333333333337,0.01,0.5049540429288587,2.9046351638631713,0.13063959400000003
DF3_JMNP3,20.55655468982367,0.4545454545454546,0.6666666666666667,0.03,0.44048979891727086,2.930314391573606,0.13063959400000003
DF3_JMNP5,21.5635079745884,0.4285714285714286,1,0.09,0.5634038890101778,2.8603181722890283,0.13063959400000003
DF3_JMNP8,17.51390793022503,0.33333333333333337,0.33333333333333337,0.03,0.3833836610235832,3.0594295277106593,0.13063959400000003
DF3_NCBG1,28.26866200115435,0.5652173913043479,1,0.09,0.42933958016512325,9.366373690515747,0.430050245
DF3_NCBG4,18.22336307353063,0.5263157894736843,0.75,0.01,0.3514138960948771,9.511621988506258,0.430050245
DF3_NCBG5,23.443586508703802,0.52,0.8,0.02,0.4368364853018217,9.596225036088214,0.430050245
DF3_NCBG6,28.72913898025724,0.5,0.75,0.03,0.46941714726659095,9.657919948553635,0.430050245
DF3_NCBG8,21.275761072104558,0.38888888888888884,1,0.03,0.5066020903251436,9.530051994645152,0.430050245
DF3_NCSU10,22.61842488878983,0.4347826086956522,0.8333333333333334,0.03,0.47276834638967963,38.530565702310106,0.8489754740000001
DF3_NCSU11,26.1204706312153,0.6153846153846154,0.75,0.01,0.5059040004015524,38.49643690696596,0.8489754740000001
DF3_NCSU2,25.893933797426207,0.5769230769230769,1,0.06,0.5621902689817261,37.777415479493776,0.8489754740000001
DF3_NCSU3,28.552158549194665,0.6451612903225806,1,0.07,0.5716778861543104,37.90085832957491,0.8489754740000001
DF3_NCSU9,26.442374729425776,0.5185185185185186,1,0.04,0.5440359191325542,37.87140664395984,0.8489754740000001
DF3_UNC13,28.637449904543022,0.52,0.8,0.13,0.556626882995338,8.80258814172962,0.780717938
DF3_UNC14,22.611952089383596,0.45833333333333337,1,0.16,0.5620480813774147,8.673510827607878,0.780717938
DF3_UNC3,28.146133533402708,0.64,1,0.05,0.5511259910054102,8.887824281763915,0.780717938
DF3_UNC4,25.954628671506875,0.64,1,0.37,0.5681892074250792,8.875420912442358,0.780717938
DF3_UNC8,27.000865479465734,0.6,1,0.05,0.5782842230348956,8.770941426938569,0.780717938
DF4_DF5,25.62009383071154,0.48,0.4,0.05,0.09119026827474988,0.24370329871371132,0
DF4_ERSP1,25.699277479337923,0.375,0.6666666666666667,0.04,0.552113911499874,10.050533982507417,0.077997231
DF4_ERSP2,27.219720968303697,0.41666666666666663,0.5,0.09,0.548017311991645,10.109291292907347,0.077997231
DF4_ERSP3,24.016121789391384,0.46153846153846156,0.7142857142857143,0.03,0.5114395317913412,10.164995591225304,0.077997231
DF4_ERSP4,22.65266675413433,0.43999999999999995,0.6666666666666667,0.17,0.4878933172580833,10.242102175775159,0.077997231
DF4_ERSP6,26.84489839356941,0.5185185185185186,0.6666666666666667,0.11,0.5303043682705109,10.39391905706078,0.077997231
DF4_JMNP1,30.4153515308713,0.5555555555555556,0.8571428571428572,0.09,0.5181593340850499,2.990881536318493,0.13063959400000003
DF4_JMNP2,29.867798207912653,0.5714285714285714,0.4,0.07,0.597660058070289,2.8980091037402236,0.13063959400000003
DF4_JMNP3,27.14535877141057,0.6153846153846154,0.8333333333333334,0.09,0.5331958140587011,2.928470141082724,0.13063959400000003
DF4_JMNP5,26.625180949734286,0.4782608695652174,1,0.03,0.656109904151608,2.8523497423185504,0.13063959400000003
DF4_JMNP8,24.34761861688857,0.3913043478260869,0.4,0.09,0.4760896761650134,3.0437146125805166,0.13063959400000003
DF4_NCBG1,32.37002954645712,0.6,1,0.15,0.5220455953065536,9.460141833479154,0.430050245
DF4_NCBG4,22.353848511815613,0.42105263157894735,0.6666666666666667,0.07,0.44411991123630734,9.605377012375943,0.430050245
DF4_NCBG5,26.554140640948713,0.43999999999999995,0.7142857142857143,0.08,0.5295425004432519,9.690019552303788,0.430050245
DF4_NCBG6,27.670493823494834,0.41666666666666663,0.6666666666666667,0.03,0.5621231624080213,9.75173185030733,0.430050245
DF4_NCBG8,29.8053829089731,0.5909090909090908,1,0.09,0.5993081054665738,9.623862393172596,0.430050245
DF4_NCSU10,27.432294392409442,0.41666666666666663,0.8888888888888888,0.03,0.56547436153111,38.571611697452596,0.8489754740000001
DF4_NCSU11,26.987053401202445,0.5384615384615384,0.6666666666666667,0.05,0.5986100155429827,38.53745314658385,0.8489754740000001
DF4_NCSU2,29.25503612557101,0.5,1,0,0.6548962841231563,37.81740389455226,0.8489754740000001
DF4_NCSU3,29.21547243070986,0.5806451612903225,1,0.01,0.6643839012957407,37.940715266734394,0.8489754740000001
DF4_NCSU9,32.79719858492687,0.6451612903225806,1,0.02,0.6367419342739845,37.91239589367653,0.8489754740000001
DF4_UNC13,28.648051928888552,0.5555555555555556,0.7142857142857143,0.07,0.6493328981367683,8.895202965966098,0.780717938
DF4_UNC14,26.616698693306493,0.375,0.8571428571428572,0.22,0.6547540965188449,8.766201814651804,0.780717938
DF4_UNC3,32.982225531977434,0.6666666666666667,1,0.01,0.6438320061468404,8.980367667028618,0.780717938
DF4_UNC4,28.97700683821043,0.6153846153846154,0.875,0.43,0.6608952225665095,8.968001726734665,0.780717938
DF4_UNC8,32.02567679109884,0.6785714285714286,1,0.01,0.6709902381763259,8.863440036560485,0.780717938
DF5_ERSP1,24.611854858460145,0.43999999999999995,0.8,0.01,0.6433041797746238,9.93000289290578,0.077997231
DF5_ERSP2,29.657345310598995,0.41666666666666663,0.6,0.04,0.639207580266395,9.987995675559766,0.077997231
DF5_ERSP3,14.401732832973273,0.26086956521739135,0.8333333333333334,0.02,0.6026298000660911,10.044480633606614,0.077997231
DF5_ERSP4,20.963628999026326,0.43999999999999995,0.8,0.12,0.5790835855328332,10.122850727677521,0.077997231
DF5_ERSP6,22.764751618264015,0.33333333333333337,0.8,0.06,0.6214946365452606,10.276717288242127,0.077997231
DF5_JMNP1,28.235751163713953,0.5555555555555556,1,0.04,0.6093496023597997,3.1863111560869615,0.13063959400000003
DF5_JMNP2,21.949857601936664,0.33333333333333337,0.5,0.02,0.6888503263450388,3.094171586508989,0.13063959400000003
DF5_JMNP3,21.46981249562825,0.4347826086956522,0.75,0.04,0.6243860823334509,3.1314775237437322,0.13063959400000003
DF5_JMNP5,24.071970363617123,0.40909090909090906,1,0.08,0.7473001724263579,3.046575726810187,0.13063959400000003
DF5_JMNP8,23.572960569706318,0.3913043478260869,0.5,0.04,0.5672799444397633,3.2249959997456283,0.13063959400000003
DF5_NCBG1,30.44387987281427,0.6,1,0.1,0.6132358635813034,9.592806090844634,0.430050245
DF5_NCBG4,24.396463356043945,0.5,0.8,0.02,0.5353101795110572,9.737338404559434,0.430050245
DF5_NCBG5,26.67677666590627,0.43999999999999995,0.8333333333333334,0.03,0.6207327687180018,9.824171539874945,0.430050245
DF5_NCBG6,25.9059999951299,0.41666666666666663,0.8,0.02,0.6533134306827711,9.887115519552147,0.430050245
DF5_NCBG8,27.91356883625641,0.5238095238095238,1,0.04,0.6904983737413237,9.759155413886274,0.430050245
DF5_NCSU10,27.12371019079827,0.5925925925925926,0.8571428571428572,0.02,0.6566646298058597,38.452856420334875,0.8489754740000001
DF5_NCSU11,27.82087969089095,0.5925925925925926,0.8,0,0.6898002838177325,38.41862350292258,0.8489754740000001
DF5_NCSU2,25.991284320133627,0.43999999999999995,1,0.05,0.7460865523979062,37.696012613268934,0.8489754740000001
DF5_NCSU3,27.47915347330379,0.5806451612903225,1,0.06,0.7555741695704905,37.8189939490165,0.8489754740000001
DF5_NCSU9,26.564120968457345,0.4444444444444444,1,0.03,0.7279322025487344,37.79351171892481,0.8489754740000001
DF5_UNC13,27.034532102566576,0.5,0.6,0.12,0.7405231664115182,9.065947475729166,0.780717938
DF5_UNC14,30.242784937930505,0.5555555555555556,0.8,0.17,0.7459443647935948,8.936091695213062,0.780717938
DF5_UNC3,30.87668893663984,0.6153846153846154,1,0.04,0.7350222744215903,9.151892823354864,0.780717938
DF5_UNC4,30.200972497481025,0.6666666666666667,0.8333333333333334,0.38,0.7520854908412593,9.139115621112719,0.780717938
DF5_UNC8,28.822814605031677,0.6296296296296297,1,0.04,0.7621805064510757,9.035470186057298,0.780717938
ERSP1_ERSP2,29.73542536865876,0.375,0.25,0.05,0.0040965995082288915,0.06869194687869028,0
ERSP1_ERSP3,24.25578284364888,0.42307692307692313,0.25,0.01,0.04067437970853276,0.11447859220257878,0
ERSP1_ERSP4,25.062556069539355,0.46153846153846156,0.5,0.13,0.06422059424179069,0.20161374097671225,0
ERSP1_ERSP6,25.318542706108474,0.4814814814814815,0.5,0.07,0.0218095432293632,0.37994451390498973,0
ERSP1_JMNP1,25.883694177068115,0.5714285714285714,0.8,0.05,0.03395457741482416,10.088977951561692,0.20863682500000003
ERSP1_JMNP2,27.094948288195095,0.5357142857142857,0.5,0.03,0.04554614657041499,10.087220655125062,0.20863682500000003
ERSP1_JMNP3,25.2717288576723,0.5769230769230769,0.75,0.05,0.01891809744117286,10.238516148087108,0.20863682500000003
ERSP1_JMNP5,27.01941413363925,0.5,1,0.07,0.103995992651734,10.040366894648674,0.20863682500000003
ERSP1_JMNP8,21.438404535305576,0.34782608695652173,0.5,0.05,0.07602423533486057,9.813484460198158,0.20863682500000003
ERSP1_NCBG1,26.802253870908057,0.5,1,0.11,0.030068316193320455,19.507349963733386,0.508047476
ERSP1_NCBG4,22.607436275284755,0.5238095238095238,0.5,0.03,0.10799400026356663,19.653130390077337,0.508047476
ERSP1_NCBG5,25.738042725263146,0.46153846153846156,0.6,0.04,0.022571411056622095,19.73565893435013,0.508047476
ERSP1_NCBG6,28.024296903036678,0.43999999999999995,0.5,0.01,0.010009250908147237,19.795899988439935,0.508047476
ERSP1_NCBG8,22.3961991090377,0.47619047619047616,1,0.05,0.04719419396669981,19.66821881146789,0.508047476
ERSP1_NCSU10,22.637823684687447,0.375,0.8571428571428572,0.01,0.013360450031235885,44.513919450973376,0.9269727050000001
ERSP1_NCSU11,22.020401041718287,0.43999999999999995,0.5,0.01,0.04649610404310867,44.477776305845715,0.9269727050000001
ERSP1_NCSU2,24.18404538012591,0.46153846153846156,1,0.04,0.10278237262328231,43.680624193786585,0.9269727050000001
ERSP1_NCSU3,24.974009984276723,0.5,1,0.05,0.11226998979586666,43.789722450913395,0.9269727050000001
ERSP1_NCSU9,26.516297799416222,0.4642857142857143,1,0.02,0.08462802277411051,43.86261337740095,0.9269727050000001
ERSP1_UNC13,26.405689578104923,0.46153846153846156,1,0.11,0.09721898663689432,18.81155187452704,0.858715169
ERSP1_UNC14,21.716986045385326,0.4,1,0.18,0.1026401850189709,18.689207103791095,0.858715169
ERSP1_UNC3,30.48018759707114,0.6785714285714286,1,0.03,0.09171809464696642,18.890755510261243,0.858715169
ERSP1_UNC4,27.372589751466005,0.6296296296296297,1,0.39,0.10878131106663551,18.881247833217422,0.858715169
ERSP1_UNC8,22.8858183922241,0.5384615384615384,1,0.03,0.11887632667645184,18.771552340638944,0.858715169
ERSP2_ERSP3,28.78542946778515,0.46153846153846156,0.4,0.06,0.03657778020030386,0.06729784288328847,0
ERSP2_ERSP4,23.71318525635644,0.30434782608695654,0.6,0.08,0.0601239947335618,0.1656199708625889,0
ERSP2_ERSP6,28.323001090758492,0.4,0.6,0.02,0.01771294372113431,0.3474539543871169,0
ERSP2_JMNP1,32.05532966242673,0.6071428571428572,0.8333333333333334,0,0.029857977906595265,10.155578992837691,0.20863682500000003
ERSP2_JMNP2,26.303738063268973,0.33333333333333337,0.25,0.02,0.049642746078643885,10.153662999419257,0.20863682500000003
ERSP2_JMNP3,25.61852474747882,0.36363636363636365,0.8,0,0.01482149793294397,10.304963467534765,0.20863682500000003
ERSP2_JMNP5,29.814030517406465,0.6,1,0.12,0.10809259215996289,10.106741152757689,0.20863682500000003
ERSP2_JMNP8,25.74939154388377,0.3913043478260869,0.25,0,0.07192763582663167,9.880228436277834,0.20863682500000003
ERSP2_NCBG1,30.668159419870847,0.5416666666666667,1,0.06,0.025971716685091566,19.56670476935865,0.508047476
ERSP2_NCBG4,26.987184851070626,0.5714285714285714,0.6,0.02,0.10389740075533774,19.712434153827335,0.508047476
ERSP2_NCBG5,29.670874871076972,0.5,0.6666666666666667,0.01,0.018474811548393207,19.795149375575175,0.508047476
ERSP2_NCBG6,28.458307427217314,0.48,0.6,0.06,0.014105850416376128,19.855496737951245,0.508047476
ERSP2_NCBG8,27.717748877560744,0.44999999999999996,1,0,0.0512907934749287,19.727800236070905,0.508047476
ERSP2_NCSU10,26.131816532460327,0.5384615384615384,0.875,0.06,0.017457049539464777,44.52632006297114,0.9269727050000001
ERSP2_NCSU11,33.49453620741947,0.6428571428571428,0.6,0.04,0.05059270355133756,44.49016688617677,0.9269727050000001
ERSP2_NCSU2,32.565246768134116,0.5,1,0.09,0.10687897213151121,43.69253833808235,0.9269727050000001
ERSP2_NCSU3,30.827492863897902,0.5806451612903225,1,0.1,0.11636658930409556,43.80150933341752,0.9269727050000001
ERSP2_NCSU9,30.384902644368616,0.5517241379310345,1,0.07,0.08872462228233939,43.87517498103214,0.9269727050000001
ERSP2_UNC13,32.57144601456157,0.6071428571428572,0.8571428571428572,0.16,0.10131558614512322,18.873889196055035,0.858715169
ERSP2_UNC14,30.147799895059272,0.5555555555555556,1,0.13,0.10673678452719977,18.75145084338212,0.858715169
ERSP2_UNC3,33.33019341809486,0.6666666666666667,1,0.08,0.09581469415519532,18.95317184018491,0.858715169
ERSP2_UNC4,29.031556724644528,0.6666666666666667,1,0.34,0.1128779105748644,18.94362922801919,0.858715169
ERSP2_UNC8,32.935725979143086,0.6296296296296297,1,0.08,0.12297292618468074,18.833983798556098,0.858715169
ERSP3_ERSP4,24.09324608774412,0.42307692307692313,0.25,0.14,0.023546214533257937,0.0984503809338275,0
ERSP3_ERSP6,20.765936949484594,0.3846153846153846,0.6,0.08,0.018864836479169554,0.2801781607871908,0
ERSP3_JMNP1,28.04987169632196,0.5357142857142857,0.6,0.06,0.006719802293708597,10.19787077530704,0.20863682500000003
ERSP3_JMNP2,22.899055654107766,0.4444444444444444,0.6,0.04,0.08622052627894775,10.196435439138384,0.20863682500000003
ERSP3_JMNP3,21.377818318466296,0.48,0.8,0.06,0.021756282267359893,10.347719862090209,0.20863682500000003
ERSP3_JMNP5,24.988318395185367,0.52,0.8,0.06,0.14467037236026675,10.149713997851551,0.20863682500000003
ERSP3_JMNP8,21.21552129606389,0.43999999999999995,0.6,0.06,0.03534985562632781,9.922071069545199,0.20863682500000003
ERSP3_NCBG1,29.09044526345253,0.5769230769230769,1,0.12,0.010606063515212299,19.621757906061823,0.508047476
ERSP3_NCBG4,22.77183611642748,0.5454545454545454,0.25,0.04,0.06731962055503388,19.767544100600894,0.508047476
ERSP3_NCBG5,21.42485149283431,0.36,0.6666666666666667,0.05,0.018102968651910658,19.850050136210687,0.508047476
ERSP3_NCBG6,25.260235796229267,0.46153846153846156,0.25,0,0.05068363061667999,19.91027676463917,0.508047476
ERSP3_NCBG8,28.258044121465975,0.5652173913043479,0.8,0.06,0.08786857367523257,19.78259776837955,0.508047476
ERSP3_NCSU10,25.612059399325123,0.46153846153846156,0.7142857142857143,0,0.05403482973976864,44.59155968303662,0.9269727050000001
ERSP3_NCSU11,26.393693590238293,0.5185185185185186,0.25,0.02,0.08717048375164142,44.555404068042414,0.9269727050000001
ERSP3_NCSU2,25.320723496847148,0.42307692307692313,1,0.03,0.14345675233181507,43.75765784061659,0.9269727050000001
ERSP3_NCSU3,27.30925312478704,0.5625,1,0.04,0.1529443695043994,43.86659676388886,0.9269727050000001
ERSP3_NCSU9,24.92590893287435,0.5333333333333333,1,0.01,0.12530240248264327,43.94045397468102,0.9269727050000001
ERSP3_UNC13,25.91568969669698,0.4814814814814815,1,0.1,0.1378933663454271,18.9250802460427,0.858715169
ERSP3_UNC14,27.03129765962608,0.5357142857142857,1,0.19,0.14331456472750365,18.80278249769749,0.858715169
ERSP3_UNC3,27.870206856387043,0.5925925925925926,1,0.02,0.1323924743554992,19.00424301435762,0.858715169
ERSP3_UNC4,27.915683916347582,0.6428571428571428,1,0.4,0.14945569077516824,18.994753520135255,0.858715169
ERSP3_UNC8,28.35739899027045,0.6551724137931034,1,0.02,0.15955070638498461,18.885032018088257,0.858715169
ERSP4_ERSP6,26.808812772380957,0.4814814814814815,0.5,0.06,0.042411051012427495,0.18192972188025816,0
ERSP4_JMNP1,26.260482806471032,0.5185185185185186,0.5,0.08,0.030266016826966533,10.253942454025944,0.20863682500000003
ERSP4_JMNP2,23.937726138434083,0.42307692307692313,0.5,0.1,0.10976674081220568,10.253247012418786,0.20863682500000003
ERSP4_JMNP3,21.571265861462926,0.52,0.75,0.08,0.045302496800617834,10.404499120292316,0.20863682500000003
ERSP4_JMNP5,27.296544557191375,0.6153846153846154,0.75,0.2,0.1682165868935247,10.206836640847957,0.20863682500000003
ERSP4_JMNP8,25.03740492318479,0.41666666666666663,0.5,0.08,0.011803641093069871,9.977466932037247,0.20863682500000003
ERSP4_NCBG1,30.18813856406357,0.6153846153846154,1,0.02,0.034152278048470236,19.69766798838354,0.508047476
ERSP4_NCBG4,25.55603939813212,0.5909090909090908,0,0.1,0.04377340602177594,19.843544717075336,0.508047476
ERSP4_NCBG5,28.709861840340682,0.5185185185185186,0.6,0.09,0.041649183185168595,19.925712468029822,0.508047476
ERSP4_NCBG6,22.624304337338373,0.375,0,0.14,0.07422984514993793,19.985743918198388,0.508047476
ERSP4_NCBG8,26.209279376446524,0.6086956521739131,0.75,0.08,0.1114147882084905,19.858094187538775,0.508047476
ERSP4_NCSU10,25.977702819092315,0.5,0.6666666666666667,0.14,0.07758104427302658,44.68863263219328,0.9269727050000001
ERSP4_NCSU11,28.623824481727453,0.5555555555555556,0,0.12,0.11071669828489937,44.652474603539055,0.9269727050000001
ERSP4_NCSU2,30.00522276287967,0.5185185185185186,1,0.17,0.16700296686507302,43.85461095703934,0.9269727050000001
ERSP4_NCSU3,29.665023732810326,0.6363636363636364,1,0.18,0.17649058403765736,43.96351756774135,0.9269727050000001
ERSP4_NCSU9,31.34197123121444,0.6129032258064516,1,0.15,0.14884861701590119,44.037565970473715,0.9269727050000001
ERSP4_UNC13,29.81962388840997,0.5714285714285714,1,0.24,0.16143958087868504,18.99482139742119,0.858715169
ERSP4_UNC14,30.375274396498252,0.5714285714285714,1,0.05,0.16686077926076157,18.872747985132943,0.858715169
ERSP4_UNC3,32.88615692058107,0.6785714285714286,1,0.16,0.15593868888875712,19.07379327115196,0.858715169
ERSP4_UNC4,28.70734466804711,0.6785714285714286,1,0.26,0.1730019053084262,19.064388073949956,0.858715169
ERSP4_UNC8,29.55951971742797,0.6896551724137931,1,0.16,0.18309692091824253,18.95454720809335,0.858715169
ERSP6_JMNP1,27.902344354559297,0.5357142857142857,0.8,0.02,0.012145034185460958,10.370616343584265,0.20863682500000003
ERSP6_JMNP2,26.005222778262574,0.3846153846153846,0.5,0.04,0.06735568979977818,10.371185770723633,0.20863682500000003
ERSP6_JMNP3,22.075603814117247,0.34782608695652173,0.75,0.02,0.002891445788190339,10.522361336723497,0.20863682500000003
ERSP6_JMNP5,27.187598340841618,0.52,1,0.14,0.1258055358810972,10.325313251373895,0.20863682500000003
ERSP6_JMNP8,19.850073601929424,0.375,0.5,0.02,0.05421469210549736,10.093025897155849,0.20863682500000003
ERSP6_NCBG1,22.77584266595365,0.31818181818181823,1,0.04,0.008258772963957255,19.847143073441266,0.508047476
ERSP6_NCBG4,23.89986304015979,0.5454545454545454,0.5,0.04,0.08618445703420344,19.993165504916508,0.508047476
ERSP6_NCBG5,23.09682343524867,0.42307692307692313,0.6,0.03,7.618678272588965e-4,20.074774811274903,0.508047476
ERSP6_NCBG6,28.238891947878233,0.46153846153846156,0.5,0.08,0.03181879413751044,20.134483458532355,0.508047476
ERSP6_NCBG8,27.27777090981974,0.5,1,0.02,0.06900373719606301,20.00688475929569,0.508047476
ERSP6_NCSU10,27.80434855719162,0.5185185185185186,0.8571428571428572,0.08,0.03516999326059909,44.86507125084749,0.9269727050000001
ERSP6_NCSU11,26.60923036787347,0.6206896551724138,0.5,0.06,0.06830564727247188,44.82890674308125,0.9269727050000001
ERSP6_NCSU2,27.546797522266534,0.4814814814814815,1,0.11,0.12459191585264551,44.03072945686542,0.9269727050000001
ERSP6_NCSU3,30.00905126278829,0.5161290322580645,1,0.12,0.13407953302522987,44.139550228508355,0.9269727050000001
ERSP6_NCSU9,25.76324283496268,0.48275862068965514,1,0.09,0.1064375660034737,44.21411049648306,0.9269727050000001
ERSP6_UNC13,27.701528881888024,0.5357142857142857,1,0.18,0.11902852986625753,19.1340677969895,0.858715169
ERSP6_UNC14,24.135323841415154,0.4814814814814815,1,0.11,0.12444972824833408,19.01237386960696,0.858715169
ERSP6_UNC3,27.73051889616162,0.5925925925925926,1,0.1,0.11352763787632963,19.212717320601513,0.858715169
ERSP6_UNC4,27.316428127001817,0.5384615384615384,1,0.32,0.13059085429599873,19.20345372581996,0.858715169
ERSP6_UNC8,29.249649455050875,0.6071428571428572,1,0.1,0.14068586990581505,19.093416070901842,0.858715169
JMNP1_JMNP2,25.95455457555181,0.5357142857142857,0.8,0.02,0.07950072398523915,0.09379788307808742,0
JMNP1_JMNP3,26.799252215067455,0.5769230769230769,1,0,0.015036479973651297,0.17528049898816053,0
JMNP1_JMNP5,28.146671454797573,0.5,0.75,0.12,0.13795057006655817,0.14136721712529526,0
JMNP1_JMNP8,23.271815069923278,0.48,0.8,0,0.042069657920036405,0.2886327067400578,0
JMNP1_NCBG1,33.16059449750722,0.6153846153846154,1,0.06,0.003886261221503702,10.200720642139682,0.29941065099999997
JMNP1_NCBG4,27.613595899321247,0.5909090909090908,0.5,0.02,0.07403942284874247,10.34883059323399,0.29941065099999997
JMNP1_NCBG5,26.68120640872476,0.46153846153846156,0.8333333333333334,0.01,0.011383166358202062,10.399751954184683,0.29941065099999997
JMNP1_NCBG6,27.735040678963877,0.43999999999999995,0.5,0.06,0.043963828322971396,10.441730773637493,0.29941065099999997
JMNP1_NCBG8,29.766089346390217,0.6666666666666667,0.75,0,0.08114877138152397,10.320876256839988,0.29941065099999997
JMNP1_NCSU10,29.811172518479754,0.6551724137931034,0.8571428571428572,0.06,0.047315027446060046,41.34843236245846,0.71833588
JMNP1_NCSU11,30.481046611627686,0.7,0.5,0.04,0.08045068145793283,41.31466393558502,0.71833588
JMNP1_NCSU2,31.947566711069847,0.6666666666666667,1,0.09,0.13673695003810646,40.60767804892718,0.71833588
JMNP1_NCSU3,31.457489110858717,0.6363636363636364,1,0.1,0.14622456721069083,40.73255185561587,0.71833588
JMNP1_NCSU9,33.665415958527824,0.65625,1,0.07,0.11858260018893466,40.690175080131745,0.71833588
JMNP1_UNC13,33.365336528699814,0.6206896551724138,1,0.16,0.1311735640517185,9.090485685570046,0.650078344
JMNP1_UNC14,28.10037874998581,0.5185185185185186,1,0.13,0.13659476243379504,8.983491657846109,0.650078344
JMNP1_UNC3,34.262513587048936,0.7241379310344828,1,0.08,0.12567267206179059,9.15749479496549,0.650078344
JMNP1_UNC4,32.99606810836394,0.7241379310344828,1,0.34,0.14273588848145966,9.152821702850284,0.650078344
JMNP1_UNC8,31.04497340793567,0.6896551724137931,1,0.08,0.152830904091276,9.038754964523022,0.650078344
JMNP2_JMNP3,20.670439559508186,0.34782608695652173,0.75,0.02,0.06446424401158785,0.1513260352271777,0
JMNP2_JMNP5,24.461268103888326,0.45833333333333337,1,0.1,0.05844984608131901,0.061076828494453304,0
JMNP2_JMNP8,22.696409030504956,0.375,0,0.02,0.12157038190527555,0.3268351160532361,0
JMNP2_NCBG1,30.799950914158828,0.5769230769230769,1,0.08,0.07561446276373544,10.153314429551564,0.29941065099999997
JMNP2_NCBG4,27.337899283218825,0.6086956521739131,0.5,0,0.15354014683398162,10.301514464793012,0.29941065099999997
JMNP2_NCBG5,25.315276706161786,0.4814814814814815,0.6,0.01,0.06811755762703708,10.353415598165222,0.29941065099999997
JMNP2_NCBG6,28.34799770942291,0.46153846153846156,0.5,0.04,0.03553689566226775,10.395983789894565,0.29941065099999997
JMNP2_NCBG8,23.32668243291061,0.4285714285714286,1,0.02,0.0016480473962848237,10.274800152466993,0.29941065099999997
JMNP2_NCSU10,28.25270503189707,0.6206896551724138,0.8571428571428572,0.04,0.032185696539179104,41.257079935862905,0.71833588
JMNP2_NCSU11,32.877929323857686,0.75,0.5,0.02,9.499574726936828e-4,41.223304049501536,0.71833588
JMNP2_NCSU2,28.21920872316256,0.5357142857142857,1,0.07,0.05723622605286732,40.51607419765827,0.71833588
JMNP2_NCSU3,31.484007029267232,0.6470588235294117,1,0.08,0.06672384322545168,40.64092059547115,0.71833588
JMNP2_NCSU9,29.777991137506742,0.5333333333333333,1,0.05,0.03908187620369551,40.598800237943266,0.71833588
JMNP2_UNC13,31.463771706081577,0.5862068965517242,0.8333333333333334,0.14,0.05167284006647934,9.057030802026926,0.650078344
JMNP2_UNC14,28.841088427037743,0.5862068965517242,1,0.15,0.0570940384485559,8.949218015394225,0.650078344
JMNP2_UNC3,32.22234522180322,0.6428571428571428,1,0.06,0.046171948076551436,9.124681569136891,0.650078344
JMNP2_UNC4,31.74894118927317,0.6896551724137931,1,0.36,0.06323516449622052,9.119773619028136,0.650078344
JMNP2_UNC8,28.48949696998429,0.6551724137931034,1,0.06,0.07333018010603687,9.005807946446595,0.650078344
JMNP3_JMNP5,27.30495662321823,0.625,1,0.12,0.12291409009290687,0.20265711966122152,0
JMNP3_JMNP8,22.022622300540473,0.40909090909090906,0.75,0,0.0571061378936877,0.4603802564526972,0
JMNP3_NCBG1,26.007828572375228,0.5652173913043479,1,0.06,0.011150218752147594,10.025441476991523,0.29941065099999997
JMNP3_NCBG4,23.331797526269487,0.6,0.75,0.02,0.08907590282239378,10.173550744404112,0.29941065099999997
JMNP3_NCBG5,26.587423688079674,0.52,0.5,0.01,0.0036533136154492355,10.224479243260555,0.29941065099999997
JMNP3_NCBG6,29.36057021903602,0.56,0.75,0.06,0.0289273483493201,10.26647471552551,0.29941065099999997
JMNP3_NCBG8,24.250949090062818,0.4736842105263158,1,0,0.06611229140787267,10.145609683945745,0.29941065099999997
JMNP3_NCSU10,24.597515991223506,0.6153846153846154,0.8333333333333334,0.06,0.03227854747240875,41.22805859078822,0.71833588
JMNP3_NCSU11,28.8627672766259,0.7142857142857143,0.75,0.04,0.06541420148428154,41.194335073955514,0.71833588
JMNP3_NCSU2,27.02806814701899,0.52,1,0.09,0.12170047006445517,40.48886363534411,0.71833588
JMNP3_NCSU3,28.542868701106055,0.6,1,0.1,0.13118808723703954,40.6139125527006,0.71833588
JMNP3_NCSU9,29.9920263142453,0.6206896551724138,1,0.07,0.10354612021528337,40.56993966748718,0.71833588
JMNP3_UNC13,30.057941654612684,0.6296296296296297,1,0.16,0.1161370840780672,8.917500088783022,0.650078344
JMNP3_UNC14,28.329945347148705,0.5769230769230769,1,0.13,0.12155828246014375,8.810246009031994,0.650078344
JMNP3_UNC3,31.112901600286705,0.6923076923076923,1,0.08,0.1106361920881393,8.984722932572968,0.650078344
JMNP3_UNC4,27.859072329701842,0.6923076923076923,1,0.34,0.12769940850780837,8.979970789938418,0.650078344
JMNP3_UNC8,28.46452819883528,0.7037037037037037,1,0.08,0.13779442411762471,8.865936713570223,0.650078344
JMNP5_JMNP8,23.159976958301982,0.4545454545454546,1,0.12,0.18002022798659456,0.313815213730447,0
JMNP5_NCBG1,31.231689509649065,0.6086956521739131,0.6666666666666667,0.18,0.13406430884505446,10.17363497847362,0.29941065099999997
JMNP5_NCBG4,18.154889503960636,0.4117647058823529,0.75,0.1,0.21198999291530063,10.321893536299099,0.29941065099999997
JMNP5_NCBG5,25.462940895925588,0.4347826086956522,1,0.11,0.1265674037083561,10.37448622746836,0.29941065099999997
JMNP5_NCBG6,28.12467693060524,0.4782608695652174,0.75,0.06,0.09398674174358676,10.417466242561508,0.29941065099999997
JMNP5_NCBG8,21.355664291217188,0.4444444444444444,0,0.12,0.05680179868503418,10.29605660307934,0.29941065099999997
JMNP5_NCSU10,27.148893710756912,0.6538461538461539,0.8333333333333334,0.06,0.09063554262049811,41.22893961640568,0.71833588
JMNP5_NCSU11,30.143655036179464,0.6538461538461539,0.75,0.08,0.05749988860862533,41.19514472720181,0.71833588
JMNP5_NCSU2,27.24402680383351,0.56,1,0.03,0.0012136200284516825,40.48727824255525,0.71833588
JMNP5_NCSU3,26.84263476623245,0.6774193548387097,1,0.02,0.00827399714413267,40.61205098193543,0.71833588
JMNP5_NCSU9,29.0207216928436,0.5555555555555556,1,0.05,0.01936796987762349,40.57060341955565,0.71833588
JMNP5_UNC13,22.239067824852985,0.4347826086956522,1,0.04,0.006777006014839664,9.086595691031762,0.650078344
JMNP5_UNC14,22.50883574513411,0.36363636363636365,1,0.25,0.0013558076327631063,8.978286250788102,0.650078344
JMNP5_UNC3,29.10598721319223,0.5652173913043479,1,0.04,0.012277898004767569,9.154633477148543,0.650078344
JMNP5_UNC4,27.944657372161636,0.5652173913043479,1,0.46,0.004785318414901514,9.149583278694868,0.650078344
JMNP5_UNC8,29.457721393840597,0.64,1,0.04,0.01488033402471785,9.035684155732037,0.650078344
JMNP8_NCBG1,29.862317477051544,0.5217391304347826,1,0.06,0.04595591914154011,10.480014893640634,0.29941065099999997
JMNP8_NCBG4,20.50752396730383,0.4736842105263158,0.5,0.02,0.03196976492870607,10.628204917682641,0.29941065099999997
JMNP8_NCBG5,18.086649474130947,0.41666666666666663,0.6,0.01,0.05345282427823847,10.679967495443453,0.29941065099999997
JMNP8_NCBG6,24.542214250299235,0.3913043478260869,0.5,0.06,0.0860334862430078,10.722430810210678,0.29941065099999997
JMNP8_NCBG8,23.748901683084146,0.5,1,0,0.12321842930156038,10.601307277500448,0.29941065099999997
JMNP8_NCSU10,23.951769209486738,0.45833333333333337,0.8571428571428572,0.06,0.08938468536609645,41.48854240643383,0.71833588
JMNP8_NCSU11,27.42356494933799,0.5769230769230769,0.5,0.04,0.12252033937796923,41.454686263518155,0.71833588
JMNP8_NCSU2,26.538541093638095,0.48,1,0.09,0.17880660795814288,40.74473800529621,0.71833588
JMNP8_NCSU3,28.067968192596034,0.5666666666666667,1,0.1,0.18829422513072722,40.86926414797023,0.71833588
JMNP8_NCSU9,27.32899453644729,0.5357142857142857,1,0.07,0.16065225810897107,40.83003074161607,0.71833588
JMNP8_UNC13,28.980627505960303,0.5384615384615384,0.8333333333333334,0.16,0.1732432219717549,9.377875049198222,0.650078344
JMNP8_UNC14,20.6265187560248,0.41666666666666663,1,0.13,0.17866442035383145,9.27062158003834,0.650078344
JMNP8_UNC3,29.68089903217759,0.6538461538461539,1,0.08,0.167742329981827,9.445069677842705,0.650078344
JMNP8_UNC4,27.8579711921245,0.6538461538461539,1,0.34,0.1848055464014961,9.440330657985136,0.650078344
JMNP8_UNC8,26.815197568273994,0.56,1,0.08,0.19490056201131242,9.326291444524472,0.650078344
NCBG1_NCBG4,24.845985718634733,0.5,1,0.08,0.07792568407024618,0.14859452771650475,0
NCBG1_NCBG5,29.752746195848317,0.5,1,0.07,0.007496905136698359,0.24111882980199784,0
NCBG1_NCBG6,33.302836063642474,0.5416666666666667,1,0.12,0.04007756710146769,0.3201977094751916,0
NCBG1_NCBG8,26.21626061416412,0.4444444444444444,0.6666666666666667,0.06,0.07726251016002027,0.20648169005621944,0
NCBG1_NCSU10,28.941839959203666,0.6,1,0.12,0.04342876622455634,35.08730302258439,0.418925229
NCBG1_NCSU11,27.879920043755448,0.7037037037037037,1,0.1,0.07656442023642913,35.05733909288419,0.418925229
NCBG1_NCSU2,31.112151518912015,0.56,1,0.15,0.13285068881660278,34.46958429195797,0.418925229
NCBG1_NCSU3,31.423371665646783,0.5862068965517242,0.8333333333333334,0.16,0.14233830598918712,34.60347063873338,0.418925229
NCBG1_NCSU9,32.10579782600296,0.6071428571428572,1,0.13,0.11469633896743096,34.45326692361003,0.418925229
NCBG1_UNC13,28.965803118333824,0.56,1,0.22,0.12728730283021478,1.9313789581823861,0.350667693
NCBG1_UNC14,29.103268125116994,0.56,1,0.07,0.13270850121229133,1.917302883387854,0.350667693
NCBG1_UNC3,30.59459839417191,0.6799999999999999,1,0.14,0.1217864108402869,1.9579109914841137,0.350667693
NCBG1_UNC4,26.81025290903444,0.5652173913043479,1,0.28,0.13884962725995598,1.9383585943054595,0.350667693
NCBG1_UNC8,29.37515180869446,0.64,1,0.14,0.1489446428697723,2.002504287375612,0.350667693
NCBG4_NCBG5,21.057437038435346,0.44999999999999996,0.6,0.01,0.08542258920694454,0.1349588653339223,0
NCBG4_NCBG6,25.32722809009498,0.5,0,0.04,0.11800325117171387,0.22070780695982564,0
NCBG4_NCBG8,19.726171707703145,0.3571428571428571,0.75,0.02,0.15518819423026645,0.1595426414292095,0
NCBG4_NCSU10,22.979695158716005,0.6363636363636364,0.6666666666666667,0.04,0.12135445029480252,35.020359494936564,0.418925229
NCBG4_NCSU11,23.975628213373092,0.6363636363636364,0,0.02,0.1544901043066753,34.99047633194294,0.418925229
NCBG4_NCSU2,21.969982130007388,0.44999999999999996,1,0.07,0.21077637288684895,34.40511318051713,0.418925229
NCBG4_NCSU3,23.518511832153767,0.6666666666666667,1,0.08,0.22026399005943328,34.539103465227406,0.418925229
NCBG4_NCSU9,29.10184254821024,0.6923076923076923,1,0.05,0.19262202303767714,34.38702470864993,0.418925229
NCBG4_UNC13,22.721211316691225,0.44999999999999996,1,0.14,0.20521298690046097,2.0202748257256866,0.350667693
NCBG4_UNC14,20.97242373056684,0.44999999999999996,1,0.15,0.21063418528253752,2.0142151785062383,0.350667693
NCBG4_UNC3,24.693655869634252,0.6,1,0.06,0.19971209491053307,2.041220635908555,0.350667693
NCBG4_UNC4,21.227272979428,0.6,1,0.36,0.21677531133020217,2.022656160803413,0.350667693
NCBG4_UNC8,26.331450135721212,0.6818181818181819,1,0.06,0.2268703269400185,2.0923561089690272,0.350667693
NCBG5_NCBG6,26.17507498507836,0.375,0.6,0.05,0.03258066196476933,0.0860836970255815,0
NCBG5_NCBG8,25.90953696432911,0.47619047619047616,1,0.01,0.06976560502332191,0.0853649304235182,0
NCBG5_NCSU10,28.98736053066426,0.6071428571428572,0.875,0.05,0.03593186108785798,35.101586041318654,0.418925229
NCBG5_NCSU11,29.46818566080439,0.7,0.6,0.03,0.06906751509973078,35.07176877260512,0.418925229
NCBG5_NCSU2,27.900391997582997,0.5185185185185186,1,0.08,0.1253537836799044,34.488331104544166,0.418925229
NCBG5_NCSU3,31.538624934535118,0.6363636363636364,1,0.09,0.13484140085248877,34.62240237813917,0.418925229
NCBG5_NCSU9,30.98925054676823,0.5172413793103448,1,0.06,0.1071994338307326,34.4688257850791,0.418925229
NCBG5_UNC13,29.389788647385743,0.5185185185185186,1,0.15,0.11979039769351643,1.9667575858569044,0.350667693
NCBG5_UNC14,22.18299279511354,0.46153846153846156,1,0.14,0.12521159607559298,1.9693129211130123,0.350667693
NCBG5_UNC3,25.693401967663462,0.52,1,0.07,0.11428950570358853,1.9820111123909592,0.350667693
NCBG5_UNC4,24.13088048054029,0.52,1,0.35,0.1313527221232576,1.9644877804552916,0.350667693
NCBG5_UNC8,30.067246876908598,0.6428571428571428,0.8333333333333334,0.07,0.14144773773307395,2.0395639563723105,0.350667693
NCBG6_NCBG8,29.727749483504706,0.5238095238095238,0.75,0.06,0.03718494305855258,0.1279960713314778,0
NCBG6_NCSU10,26.99244502149956,0.5384615384615384,0.6666666666666667,0,0.003351199123088648,35.145514960347384,0.418925229
NCBG6_NCSU11,30.64732505070352,0.6428571428571428,0,0.02,0.03648685313496144,35.11574303794696,0.418925229
NCBG6_NCSU2,31.81461330291219,0.5555555555555556,1,0.03,0.09277312171513508,34.53363079589184,0.418925229
NCBG6_NCSU3,30.942289393865423,0.625,1,0.04,0.10226073888771943,34.667757030571316,0.418925229
NCBG6_NCSU9,31.496106775419545,0.5,1,0.01,0.07461877186596327,34.513152300238396,0.418925229
NCBG6_UNC13,30.723358687949762,0.5555555555555556,1,0.1,0.08720973572874709,1.946105103629256,0.350667693
NCBG6_UNC14,28.56605874845894,0.5,1,0.19,0.09263093411082365,1.9545298226281014,0.350667693
NCBG6_UNC3,32.85124345209036,0.6153846153846154,1,0.02,0.08170884373881919,1.957391496657766,0.350667693
NCBG6_UNC4,29.67404041270812,0.6153846153846154,1,0.4,0.09877206015848827,1.9406288206547684,0.350667693
NCBG6_UNC8,31.78455091957259,0.5769230769230769,1,0.02,0.10886707576830461,2.019251809901082,0.350667693
NCBG8_NCSU10,24.721876120643117,0.6521739130434783,0.8333333333333334,0.06,0.03383374393546393,35.169611767165875,0.418925229
NCBG8_NCSU11,30.256144257758276,0.76,0.75,0.04,6.980899235911409e-4,35.13976297984445,0.418925229
NCBG8_NCSU2,25.357818677470267,0.47619047619047616,1,0.09,0.0555881786565825,34.55538682566562,0.418925229
NCBG8_NCSU3,29.5392704727843,0.6785714285714286,1,0.1,0.06507579582916685,34.68941804604926,0.418925229
NCBG8_NCSU9,30.12236165235292,0.6,1,0.07,0.03743382880741069,34.53657490815856,0.418925229
NCBG8_UNC13,25.817691199200173,0.47619047619047616,1,0.16,0.050024792670194516,1.8876986441356332,0.350667693
NCBG8_UNC14,24.684713116357738,0.5454545454545454,1,0.13,0.055445991052271076,1.8881719061388713,0.350667693
NCBG8_UNC3,28.357852169967508,0.6190476190476191,1,0.08,0.04452390068026661,1.904596855582664,0.350667693
NCBG8_UNC4,26.70933380811839,0.6190476190476191,1,0.34,0.061587117099935695,1.886750597599502,0.350667693
NCBG8_UNC8,24.205910659312362,0.5714285714285714,1,0.08,0.07168213270975204,1.960338214202588,0.350667693
NCSU10_NCSU11,21.657472277349527,0.41666666666666663,0.6666666666666667,0.02,0.03313565401187279,0.03674708650480605,0
NCSU10_NCSU2,26.641793572386874,0.5555555555555556,1,0.03,0.08942192259204643,0.8918988207101239,0
NCSU10_NCSU3,24.260169354865198,0.5333333333333333,1,0.04,0.09890953976463078,0.8279645289248494,0
NCSU10_NCSU9,29.21485261341559,0.6,1,0.01,0.07126757274287462,0.6596884193889878,0
NCSU10_UNC13,28.241339265548753,0.5555555555555556,1,0.1,0.08385853660565844,37.000356705247626,0.06825753600000001
NCSU10_UNC14,23.76521193575415,0.43999999999999995,1,0.19,0.08927973498773499,36.96379598704571,0.06825753600000001
NCSU10_UNC3,31.87932022999309,0.7142857142857143,1,0.02,0.07835764461573055,37.036878961205836,0.06825753600000001
NCSU10_UNC4,27.797825757042606,0.6666666666666667,0.875,0.4,0.09542086103539962,37.015970688789885,0.06825753600000001
NCSU10_UNC8,28.14822279143522,0.6785714285714286,1,0.02,0.10551587664521597,37.068273191015415,0.06825753600000001
NCSU11_NCSU2,23.882721373725825,0.5,1,0.05,0.05628626858017364,0.8557670214198025,0
NCSU11_NCSU3,25.563853908468445,0.5333333333333333,1,0.06,0.06577388575275799,0.7931675668279455,0
NCSU11_NCSU9,31.29257074030302,0.6875,1,0.03,0.03813191873100183,0.6251634785034399,0
NCSU11_UNC13,25.82581068176383,0.5555555555555556,1,0.12,0.050722882593785656,36.97023649230014,0.06825753600000001
NCSU11_UNC14,25.11080160069713,0.5555555555555556,1,0.17,0.056144080975862216,36.93360101354003,0.06825753600000001
NCSU11_UNC3,31.230181716464294,0.8,1,0.04,0.04522199060385775,37.00680853249241,0.06825753600000001
NCSU11_UNC4,27.58096342714443,0.6666666666666667,1,0.38,0.062285207023526835,36.98589254563385,0.06825753600000001
NCSU11_UNC8,29.99891147828589,0.7241379310344828,1,0.04,0.07238022263334318,37.038137083761605,0.06825753600000001
NCSU2_NCSU3,25.6622047714416,0.4482758620689655,1,0.01,0.009487617172584352,0.13659001561164044,0
NCSU2_NCSU9,30.752103675176986,0.6129032258064516,1,0.02,0.01815434984917181,0.4572512469745342,0
NCSU2_UNC13,27.81149390358878,0.46153846153846156,1,0.07,0.005563385986387981,36.37756774116569,0.06825753600000001
NCSU2_UNC14,23.725440197542856,0.46153846153846156,1,0.22,1.4218760431142384e-4,36.33872472649614,0.06825753600000001
NCSU2_UNC3,27.612387030221765,0.6296296296296297,1,0.01,0.011064277976315885,36.415605933506335,0.06825753600000001
NCSU2_UNC4,28.349201936517343,0.52,1,0.43,0.005998938443353197,36.3944651038628,0.06825753600000001
NCSU2_UNC8,27.012139845891753,0.5925925925925926,1,0.01,0.016093954053169532,36.44498826962988,0.06825753600000001
NCSU3_NCSU9,28.970772476980386,0.5454545454545454,1,0.03,0.02764196702175616,0.5076134799627858,0
NCSU3_UNC13,25.900302767623383,0.5483870967741935,1,0.06,0.015051003158972334,36.51122027595943,0.06825753600000001
NCSU3_UNC14,26.12134220006906,0.5,1,0.23,0.009629804776895776,36.47227509593296,0.06825753600000001
NCSU3_UNC3,32.46262777637662,0.6875,1,0.02,0.020551895148900236,36.549325092479435,0.06825753600000001
NCSU3_UNC4,30.239771272508044,0.6,1,0.44,0.0034886787292311558,36.528174207843776,0.06825753600000001
NCSU3_UNC8,28.73160505468896,0.5666666666666667,1,0.02,0.00660633688058518,36.57861824701187,0.06825753600000001
NCSU9_UNC13,28.11631305078771,0.5666666666666667,0.8333333333333334,0.09,0.012590963862783827,36.364960236205356,0.06825753600000001
NCSU9_UNC14,28.335398580718667,0.5666666666666667,0.8,0.2,0.018012162244860384,36.327767207744195,0.06825753600000001
NCSU9_UNC3,23.50567657919776,0.46153846153846156,0.6,0.01,0.007090071872855923,36.40190615022756,0.06825753600000001
NCSU9_UNC4,29.2554105830736,0.5714285714285714,1,0.41,0.024153288292525006,36.38093224725387,0.06825753600000001
NCSU9_UNC8,25.529104436416198,0.42307692307692313,1,0.01,0.03424830390234134,36.432741103657044,0.06825753600000001
UNC13_UNC14,23.682029582873692,0.33333333333333337,0.8333333333333334,0.29,0.005421198382076557,0.1366162528066823,0
UNC13_UNC3,27.842979795826874,0.5769230769230769,0.8571428571428572,0.08,0.005500891989927904,0.09470159435091448,0
UNC13_UNC4,26.53628841464291,0.52,0.8571428571428572,0.5,0.011562324429741177,0.07546324413889045,0
UNC13_UNC8,27.041348562581366,0.5925925925925926,1,0.08,0.021657340039557514,0.0734418295909604,0
UNC14_UNC3,27.478593739752508,0.5769230769230769,0.8333333333333334,0.21,0.010922090372004463,0.23090147178893916,0
UNC14_UNC4,27.116939759499633,0.52,0.8333333333333334,0.21,0.006141126047664621,0.21197592698649426,0
UNC14_UNC8,26.578373016423146,0.5925925925925926,1,0.21,0.016236141657480958,0.14728946937161444,0
UNC3_UNC4,18.679422833063146,0.38095238095238093,1,0.42,0.017063216419669083,0.024902789161205627,0
UNC3_UNC8,26.717584042438347,0.5416666666666667,1,0,0.02715823202948542,0.11961051289138493,0
UNC4_UNC8,28.718328069289946,0.6,1,0.42,0.010095015609816337,0.11449547727438696,0
