circles,euclideanDistance,jaccardDissimilarity,herbaceousCover,distanceToRoad,geographicDistance,litterDepth,forest_1km
DF1_DF2,14.039196125867932,0.4666666666666667,1,0.05285218946365569,0.057511296293998496,20,0
DF1_DF3,14.058849174806374,0.3846153846153846,1,0.15554544698434808,0.1565587421381959,5,0
DF1_DF4,13.883443888060139,0.3571428571428571,0,0.24825146212577834,0.2503518143378299,5,0
DF1_DF5,19.121187221981867,0.5384615384615384,0,0.3394417304005282,0.4345347894256653,10,0
DF1_ERSP1,11.694680223400708,0.33333333333333337,1,0.3038624493740957,10.300569213829935,5,0.077997231
DF1_ERSP2,20.314831843973607,0.4285714285714286,1,0.29976584986586674,10.359368853765158,0,0.077997231
DF1_ERSP3,16.58801345788418,0.3076923076923077,1,0.2631880696655629,10.415028305208482,20,0.077997231
DF1_ERSP4,11.736191421936015,0.3076923076923077,1,0.23964185513230496,10.49205553437816,5,0.077997231
DF1_ERSP6,22.930012309673018,0.46153846153846156,1,0.28205290614473244,10.643725167799799,20,0.077997231
DF1_JMNP1,15.509716951262929,0.5,0,0.26990787195927146,3.0225502566931426,0,0.13063959400000003
DF1_JMNP2,19.91850105264166,0.6153846153846154,1,0.3494085959445106,2.9289027902754303,5,0.13063959400000003
DF1_JMNP3,21.279247049509685,0.46153846153846156,1,0.28494435193292283,2.9466409394616084,20,0.13063959400000003
DF1_JMNP5,15.120594340704478,0.3076923076923077,0,0.4078584420258296,2.886890721889778,10,0.13063959400000003
DF1_JMNP8,20.604372082069673,0.5,0,0.22783821403923507,3.098219613300555,5,0.13063959400000003
DF1_NCBG1,24.00620968702446,0.5,1,0.27379413318077517,9.209815119380039,5,0.430050245
DF1_NCBG4,22.966570187610625,0.5294117647058824,0,0.195868449110529,9.355063520701885,5,0.430050245
DF1_NCBG5,21.020980876807883,0.41666666666666663,1,0.28129103831747354,9.439672955459846,10,0.430050245
DF1_NCBG6,23.271027841407765,0.6666666666666667,1,0.31387170028224287,9.501380041012315,20,0.430050245
DF1_NCBG8,25.86797276746392,0.6666666666666667,0,0.35105664334079545,9.373510658165102,5,0.430050245
DF1_NCSU10,22.093780778191967,0.5,1,0.31722289940533155,38.4565995264595,5,0.8489754740000001
DF1_NCSU11,27.217785449274135,0.6428571428571428,1,0.35035855341720434,38.422519808579025,30,0.8489754740000001
DF1_NCSU2,21.618256420684716,0.5,1,0.40664482199737795,37.70518961291116,10,0.8489754740000001
DF1_NCSU3,29.64705364678768,0.7222222222222222,1,0.4161324391699623,37.828846556152975,10,0.8489754740000001
DF1_NCSU9,25.45184483496756,0.5384615384615384,1,0.38849047214820615,37.79754033296411,15,0.8489754740000001
DF1_UNC13,27.763148923401108,0.6666666666666667,0,0.40108143601099,8.649374692212344,20,0.780717938
DF1_UNC14,24.87101960379967,0.5714285714285714,1,0.40650263439306655,8.520133932896417,10,0.780717938
DF1_UNC3,25.376971269941826,0.6923076923076923,1,0.3955805440210621,8.734763451301763,10,0.780717938
DF1_UNC4,28.71402273674688,0.7058823529411764,2,0.41264376044073114,8.722279915776534,10,0.780717938
DF1_UNC8,21.84366807367996,0.5384615384615384,2,0.4227387760505475,8.617977582766127,30,0.780717938
DF2_DF3,10.59870254440046,0.4,0,0.10269325752069239,0.10281752894917429,15,0
DF2_DF4,14.757269546133237,0.375,1,0.19539927266212265,0.19564430832056673,15,0
DF2_DF5,14.895783285608553,0.4285714285714286,1,0.28658954093687256,0.3785153321764204,30,0
DF2_ERSP1,11.515634620538071,0.3571428571428571,0,0.35671463883775134,10.24609618809966,25,0.077997231
DF2_ERSP2,15.35899810617506,0.2142857142857143,2,0.35261803932952246,10.304832477128498,20,0.077997231
DF2_ERSP3,15.112948576459086,0.33333333333333337,0,0.3160402591292186,10.360558870773028,0,0.077997231
DF2_ERSP4,18.081246450765292,0.4375,2,0.2924940445959606,10.437695451700185,25,0.077997231
DF2_ERSP6,23.77995030954743,0.4666666666666667,2,0.33490509560838816,10.589546274855332,0,0.077997231
DF2_JMNP1,17.936609227107738,0.4117647058823529,1,0.3227600614229271,3.0292824340619413,20,0.13063959400000003
DF2_JMNP2,21.966279712834762,0.5,0,0.40226078540816634,2.9357539754316786,15,0.13063959400000003
DF2_JMNP3,20.716873021936905,0.4666666666666667,0,0.3377965413965785,2.9563957501812266,0,0.13063959400000003
DF2_JMNP5,19.87317972766177,0.5294117647058824,1,0.4607106314894853,2.8928796729591095,10,0.13063959400000003
DF2_JMNP8,16.349424722786516,0.3125,1,0.28069040350289076,3.0997210141678972,15,0.13063959400000003
DF2_NCBG1,25.728889471158556,0.6,2,0.3266463226444309,9.264935083953404,25,0.430050245
DF2_NCBG4,22.10478238726982,0.4444444444444444,1,0.2487206385741847,9.410127666176088,15,0.430050245
DF2_NCBG5,24.837504354366683,0.625,0,0.3341432277811292,9.494918713678492,10,0.430050245
DF2_NCBG6,26.255727368001992,0.6470588235294117,0,0.3667238897458986,9.556725613541309,0,0.430050245
DF2_NCBG8,27.77507634226098,0.7333333333333334,1,0.40390883280445117,9.428846991383862,15,0.430050245
DF2_NCSU10,24.67351857762789,0.6,0,0.3700750888689872,38.46798263663006,15,0.8489754740000001
DF2_NCSU11,26.816231858041938,0.625,0,0.40321074288086006,38.4338828000049,10,0.8489754740000001
DF2_NCSU2,23.680462705543007,0.5,2,0.45949701146103367,37.7158614287082,30,0.8489754740000001
DF2_NCSU3,30.658560994343535,0.631578947368421,0,0.468984628633618,37.83943142140446,30,0.8489754740000001
DF2_NCSU9,28.320078096327162,0.7058823529411764,0,0.44134266161186186,37.80888157303081,35,0.8489754740000001
DF2_UNC13,30.299688964831336,0.7222222222222222,1,0.45393362547464566,8.706690178072408,0,0.780717938
DF2_UNC14,27.260734057902482,0.6470588235294117,0,0.45935482385672227,8.577424304773126,10,0.780717938
DF2_UNC3,27.39863136562457,0.75,0,0.44843273348471774,8.79210056148046,10,0.780717938
DF2_UNC4,30.98849438648745,0.75,3,0.46549594990438686,8.77960584855524,30,0.780717938
DF2_UNC8,25.22907024823176,0.625,3,0.47559096551420316,8.675327732238335,10,0.780717938
DF3_DF4,16.213102836443696,0.2857142857142857,1,0.09270601514143027,0.09384549661759474,0,0
DF3_DF5,15.122714068771876,0.33333333333333337,1,0.18389628341618017,0.3069595591619258,15,0
DF3_ERSP1,13.732779819272244,0.3846153846153846,0,0.45940789635844376,10.144101479301222,10,0.077997231
DF3_ERSP2,20.149155274250834,0.3571428571428571,2,0.4553112968502148,10.202883561368663,5,0.077997231
DF3_ERSP3,18.859543175795093,0.3571428571428571,0,0.41873351664991093,10.258561655549721,15,0.077997231
DF3_ERSP4,18.481440547126304,0.4666666666666667,2,0.39518730211665304,10.335623333616713,10,0.077997231
DF3_ERSP6,27.506781775269026,0.6,2,0.4375983531290805,10.487360387472137,15,0.077997231
DF3_JMNP1,20.755703995905385,0.6111111111111112,1,0.4254533189436196,2.9978780958435567,5,0.13063959400000003
DF3_JMNP2,19.844113665838794,0.5384615384615384,0,0.5049540429288587,2.9046351638631713,0,0.13063959400000003
DF3_JMNP3,21.635113616524013,0.5,0,0.44048979891727086,2.930314391573606,15,0.13063959400000003
DF3_JMNP5,21.130040860799518,0.4666666666666667,1,0.5634038890101778,2.8603181722890283,5,0.13063959400000003
DF3_JMNP8,18.810544924197284,0.4375,1,0.3833836610235832,3.0594295277106593,0,0.13063959400000003
DF3_NCBG1,23.767228149148035,0.5384615384615384,2,0.42933958016512325,9.366373690515747,10,0.430050245
DF3_NCBG4,21.639317648826232,0.47058823529411764,1,0.3514138960948771,9.511621988506258,0,0.430050245
DF3_NCBG5,25.202415937323057,0.5714285714285714,0,0.4368364853018217,9.596225036088214,5,0.430050245
DF3_NCBG6,24.668243398326346,0.6,0,0.46941714726659095,9.657919948553635,15,0.430050245
DF3_NCBG8,29.49426828361411,0.7857142857142857,1,0.5066020903251436,9.530051994645152,0,0.430050245
DF3_NCSU10,26.38719728034603,0.6428571428571428,0,0.47276834638967963,38.530565702310106,0,0.8489754740000001
DF3_NCSU11,27.783988817973725,0.6666666666666667,0,0.5059040004015524,38.49643690696596,25,0.8489754740000001
DF3_NCSU2,25.758579948352722,0.625,2,0.5621902689817261,37.777415479493776,15,0.8489754740000001
DF3_NCSU3,33.04172316668619,0.8,0,0.5716778861543104,37.90085832957491,15,0.8489754740000001
DF3_NCSU9,28.9285280485566,0.6666666666666667,0,0.5440359191325542,37.87140664395984,20,0.8489754740000001
DF3_UNC13,31.014005862476598,0.7647058823529411,1,0.556626882995338,8.80258814172962,15,0.780717938
DF3_UNC14,28.360377388790393,0.6875,0,0.5620480813774147,8.673510827607878,5,0.780717938
DF3_UNC3,28.13522932585686,0.7142857142857143,0,0.5511259910054102,8.887824281763915,5,0.780717938
DF3_UNC4,31.123495584368843,0.7222222222222222,3,0.5681892074250792,8.875420912442358,15,0.780717938
DF3_UNC8,26.389713608718598,0.6666666666666667,3,0.5782842230348956,8.770941426938569,25,0.780717938
DF4_DF5,19.959595293067466,0.5333333333333333,0,0.09119026827474988,0.24370329871371132,15,0
DF4_ERSP1,12.920343844466228,0.3571428571428571,1,0.552113911499874,10.050533982507417,10,0.077997231
DF4_ERSP2,16.99134827504958,0.33333333333333337,1,0.548017311991645,10.109291292907347,5,0.077997231
DF4_ERSP3,14.875708943668771,0.2142857142857143,1,0.5114395317913412,10.164995591225304,15,0.077997231
DF4_ERSP4,16.51349363026373,0.4375,1,0.4878933172580833,10.242102175775159,10,0.077997231
DF4_ERSP6,22.514089689352453,0.4666666666666667,1,0.5303043682705109,10.39391905706078,15,0.077997231
DF4_JMNP1,17.073119749295703,0.5,0,0.5181593340850499,2.990881536318493,5,0.13063959400000003
DF4_JMNP2,21.263382718731183,0.5,1,0.597660058070289,2.8980091037402236,0,0.13063959400000003
DF4_JMNP3,23.05032107534229,0.5625,1,0.5331958140587011,2.928470141082724,15,0.13063959400000003
DF4_JMNP5,16.059827919085514,0.33333333333333337,0,0.656109904151608,2.8523497423185504,5,0.13063959400000003
DF4_JMNP8,19.527697977395963,0.4117647058823529,0,0.4760896761650134,3.0437146125805166,0,0.13063959400000003
DF4_NCBG1,25.56472109905153,0.6,1,0.5220455953065536,9.460141833479154,10,0.430050245
DF4_NCBG4,21.873923629059018,0.4444444444444444,0,0.44411991123630734,9.605377012375943,0,0.430050245
DF4_NCBG5,22.995332475077838,0.5333333333333333,1,0.5295425004432519,9.690019552303788,5,0.430050245
DF4_NCBG6,26.6944293896342,0.5625,1,0.5621231624080213,9.75173185030733,15,0.430050245
DF4_NCBG8,27.855247906381315,0.7333333333333334,0,0.5993081054665738,9.623862393172596,0,0.430050245
DF4_NCSU10,24.43636429474902,0.6,1,0.56547436153111,38.571611697452596,0,0.8489754740000001
DF4_NCSU11,28.02971359601065,0.7058823529411764,1,0.5986100155429827,38.53745314658385,25,0.8489754740000001
DF4_NCSU2,22.241143017221514,0.5,1,0.6548962841231563,37.81740389455226,15,0.8489754740000001
DF4_NCSU3,29.203111668577588,0.7,1,0.6643839012957407,37.940715266734394,15,0.8489754740000001
DF4_NCSU9,26.90666933078808,0.625,1,0.6367419342739845,37.91239589367653,20,0.8489754740000001
DF4_UNC13,30.533078221701153,0.7222222222222222,0,0.6493328981367683,8.895202965966098,15,0.780717938
DF4_UNC14,26.813296129921177,0.6470588235294117,1,0.6547540965188449,8.766201814651804,5,0.780717938
DF4_UNC3,27.239260040594868,0.75,1,0.6438320061468404,8.980367667028618,5,0.780717938
DF4_UNC4,31.18140147604351,0.75,2,0.6608952225665095,8.968001726734665,15,0.780717938
DF4_UNC8,24.83147638799968,0.625,2,0.6709902381763259,8.863440036560485,25,0.780717938
DF5_ERSP1,14.964727378420676,0.2727272727272727,1,0.6433041797746238,9.93000289290578,5,0.077997231
DF5_ERSP2,21.61287443235482,0.3846153846153846,1,0.639207580266395,9.987995675559766,10,0.077997231
DF5_ERSP3,22.30422572888482,0.5,1,0.6026298000660911,10.044480633606614,30,0.077997231
DF5_ERSP4,22.774557590757773,0.6,1,0.5790835855328332,10.122850727677521,5,0.077997231
DF5_ERSP6,23.88298274998813,0.5384615384615384,1,0.6214946365452606,10.276717288242127,30,0.077997231
DF5_JMNP1,22.50566792452701,0.5625,0,0.6093496023597997,3.1863111560869615,10,0.13063959400000003
DF5_JMNP2,17.14195665279566,0.5833333333333333,1,0.6888503263450388,3.094171586508989,15,0.13063959400000003
DF5_JMNP3,18.836556049923487,0.41666666666666663,1,0.6243860823334509,3.1314775237437322,30,0.13063959400000003
DF5_JMNP5,22.539006051864657,0.5,0,0.7473001724263579,3.046575726810187,20,0.13063959400000003
DF5_JMNP8,20.98756855430829,0.3571428571428571,0,0.5672799444397633,3.2249959997456283,15,0.13063959400000003
DF5_NCBG1,23.3671038035677,0.5833333333333333,1,0.6132358635813034,9.592806090844634,5,0.430050245
DF5_NCBG4,23.65690081579912,0.5,0,0.5353101795110572,9.737338404559434,15,0.430050245
DF5_NCBG5,20.710693590560087,0.5,1,0.6207327687180018,9.824171539874945,20,0.430050245
DF5_NCBG6,23.132082142924936,0.7333333333333334,1,0.6533134306827711,9.887115519552147,30,0.430050245
DF5_NCBG8,24.822064383157432,0.6363636363636364,0,0.6904983737413237,9.759155413886274,15,0.430050245
DF5_NCSU10,21.23855296704704,0.4545454545454546,1,0.6566646298058597,38.452856420334875,15,0.8489754740000001
DF5_NCSU11,23.216105580861857,0.5,1,0.6898002838177325,38.41862350292258,40,0.8489754740000001
DF5_NCSU2,25.8684817439628,0.6666666666666667,1,0.7460865523979062,37.696012613268934,0,0.8489754740000001
DF5_NCSU3,30.097755450814493,0.7777777777777778,1,0.7555741695704905,37.8189939490165,0,0.8489754740000001
DF5_NCSU9,24.75316545681625,0.6153846153846154,1,0.7279322025487344,37.79351171892481,5,0.8489754740000001
DF5_UNC13,27.428873157090187,0.7333333333333334,0,0.7405231664115182,9.065947475729166,30,0.780717938
DF5_UNC14,28.21482472528274,0.7333333333333334,1,0.7459443647935948,8.936091695213062,20,0.780717938
DF5_UNC3,22.129768262128465,0.5454545454545454,1,0.7350222744215903,9.151892823354864,20,0.780717938
DF5_UNC4,27.195831642958836,0.6875,2,0.7520854908412593,9.139115621112719,0,0.780717938
DF5_UNC8,26.10434409549051,0.7142857142857143,2,0.7621805064510757,9.035470186057298,40,0.780717938
ERSP1_ERSP2,18.4103251064605,0.3076923076923077,2,0.0040965995082288915,0.06869194687869028,5,0
ERSP1_ERSP3,16.38955550958693,0.3076923076923077,0,0.04067437970853276,0.11447859220257878,25,0
ERSP1_ERSP4,15.556718197843912,0.4285714285714286,2,0.06422059424179069,0.20161374097671225,0,0
ERSP1_ERSP6,24.109090094481324,0.46153846153846156,2,0.0218095432293632,0.37994451390498973,25,0
ERSP1_JMNP1,15.449542924494096,0.4,1,0.03395457741482416,10.088977951561692,5,0.20863682500000003
ERSP1_JMNP2,20.013831959533427,0.6153846153846154,0,0.04554614657041499,10.087220655125062,10,0.20863682500000003
ERSP1_JMNP3,22.456701251599384,0.46153846153846156,0,0.01891809744117286,10.238516148087108,25,0.20863682500000003
ERSP1_JMNP5,15.732367250875335,0.3076923076923077,1,0.103995992651734,10.040366894648674,15,0.20863682500000003
ERSP1_JMNP8,17.31640314395182,0.2857142857142857,1,0.07602423533486057,9.813484460198158,10,0.20863682500000003
ERSP1_NCBG1,24.907463100148814,0.6153846153846154,2,0.030068316193320455,19.507349963733386,0,0.508047476
ERSP1_NCBG4,20.849682396874787,0.4375,1,0.10799400026356663,19.653130390077337,10,0.508047476
ERSP1_NCBG5,20.348516802056817,0.41666666666666663,0,0.022571411056622095,19.73565893435013,15,0.508047476
ERSP1_NCBG6,24.43018353371327,0.75,0,0.010009250908147237,19.795899988439935,25,0.508047476
ERSP1_NCBG8,24.583048571031014,0.5454545454545454,1,0.04719419396669981,19.66821881146789,10,0.508047476
ERSP1_NCSU10,20.82776761057438,0.36363636363636365,0,0.013360450031235885,44.513919450973376,10,0.9269727050000001
ERSP1_NCSU11,25.818466679023953,0.5384615384615384,0,0.04649610404310867,44.477776305845715,35,0.9269727050000001
ERSP1_NCSU2,20.27903997680914,0.5,2,0.10278237262328231,43.680624193786585,5,0.9269727050000001
ERSP1_NCSU3,27.84013574834699,0.6470588235294117,0,0.11226998979586666,43.789722450913395,5,0.9269727050000001
ERSP1_NCSU9,25.187679495781648,0.5384615384615384,0,0.08462802277411051,43.86261337740095,10,0.9269727050000001
ERSP1_UNC13,27.957454331783406,0.6666666666666667,1,0.09721898663689432,18.81155187452704,25,0.858715169
ERSP1_UNC14,23.97246994277412,0.5714285714285714,0,0.1026401850189709,18.689207103791095,15,0.858715169
ERSP1_UNC3,23.29211910733496,0.5833333333333333,0,0.09171809464696642,18.890755510261243,15,0.858715169
ERSP1_UNC4,28.30677391581365,0.7058823529411764,3,0.10878131106663551,18.881247833217422,5,0.858715169
ERSP1_UNC8,21.921215602664105,0.5384615384615384,3,0.11887632667645184,18.771552340638944,35,0.858715169
ERSP2_ERSP3,11.90222535139421,0.15384615384615385,2,0.03657778020030386,0.06729784288328847,20,0
ERSP2_ERSP4,17.83372779051643,0.4,0,0.0601239947335618,0.1656199708625889,5,0
ERSP2_ERSP6,17.346823803085048,0.3076923076923077,0,0.01771294372113431,0.3474539543871169,20,0
ERSP2_JMNP1,13.632881855145689,0.375,1,0.029857977906595265,10.155578992837691,0,0.20863682500000003
ERSP2_JMNP2,24.19909538657091,0.5714285714285714,2,0.049642746078643885,10.153662999419257,5,0.20863682500000003
ERSP2_JMNP3,17.967378231864842,0.3076923076923077,2,0.01482149793294397,10.304963467534765,20,0.20863682500000003
ERSP2_JMNP5,19.043354779461392,0.4,1,0.10809259215996289,10.106741152757689,10,0.20863682500000003
ERSP2_JMNP8,14.542200020898763,0.1428571428571429,1,0.07192763582663167,9.880228436277834,5,0.20863682500000003
ERSP2_NCBG1,26.75965123465804,0.5714285714285714,0,0.025971716685091566,19.56670476935865,5,0.508047476
ERSP2_NCBG4,21.775353930019993,0.4117647058823529,1,0.10389740075533774,19.712434153827335,5,0.508047476
ERSP2_NCBG5,26.222518827719096,0.6,2,0.018474811548393207,19.795149375575175,10,0.508047476
ERSP2_NCBG6,30.418970374482402,0.7058823529411764,2,0.014105850416376128,19.855496737951245,20,0.508047476
ERSP2_NCBG8,30.221612269298433,0.7142857142857143,1,0.0512907934749287,19.727800236070905,5,0.508047476
ERSP2_NCSU10,26.505604428038716,0.5714285714285714,2,0.017457049539464777,44.52632006297114,5,0.9269727050000001
ERSP2_NCSU11,28.375088249830032,0.6,2,0.05059270355133756,44.49016688617677,30,0.9269727050000001
ERSP2_NCSU2,24.812991834572085,0.5625,0,0.10687897213151121,43.69253833808235,10,0.9269727050000001
ERSP2_NCSU3,30.574231827253108,0.6842105263157895,2,0.11636658930409556,43.80150933341752,10,0.9269727050000001
ERSP2_NCSU9,30.32033442366235,0.6875,2,0.08872462228233939,43.87517498103214,15,0.9269727050000001
ERSP2_UNC13,33.63702576633765,0.7777777777777778,1,0.10131558614512322,18.873889196055035,20,0.858715169
ERSP2_UNC14,30.422896009903106,0.7058823529411764,2,0.10673678452719977,18.75145084338212,10,0.858715169
ERSP2_UNC3,29.66184403497253,0.7333333333333334,2,0.09581469415519532,18.95317184018491,10,0.858715169
ERSP2_UNC4,33.95880724558742,0.8,1,0.1128779105748644,18.94362922801919,10,0.858715169
ERSP2_UNC8,28.822060735867748,0.6875,1,0.12297292618468074,18.833983798556098,30,0.858715169
ERSP3_ERSP4,15.569946495319982,0.2857142857142857,2,0.023546214533257937,0.0984503809338275,25,0
ERSP3_ERSP6,19.596887768115096,0.3076923076923077,2,0.018864836479169554,0.2801781607871908,0,0
ERSP3_JMNP1,13.908003325494265,0.375,1,0.006719802293708597,10.19787077530704,20,0.20863682500000003
ERSP3_JMNP2,24.168868485986298,0.5714285714285714,0,0.08622052627894775,10.196435439138384,15,0.20863682500000003
ERSP3_JMNP3,23.37031532763081,0.4285714285714286,0,0.021756282267359893,10.347719862090209,0,0.20863682500000003
ERSP3_JMNP5,17.613191314546437,0.2857142857142857,1,0.14467037236026675,10.149713997851551,10,0.20863682500000003
ERSP3_JMNP8,17.84331519406276,0.2666666666666667,1,0.03534985562632781,9.922071069545199,15,0.20863682500000003
ERSP3_NCBG1,27.79044350424071,0.5714285714285714,2,0.010606063515212299,19.621757906061823,25,0.508047476
ERSP3_NCBG4,23.116215764503977,0.4117647058823529,1,0.06731962055503388,19.767544100600894,15,0.508047476
ERSP3_NCBG5,25.933835946903233,0.5,0,0.018102968651910658,19.850050136210687,10,0.508047476
ERSP3_NCBG6,27.2108354740543,0.625,0,0.05068363061667999,19.91027676463917,0,0.508047476
ERSP3_NCBG8,28.763943538373102,0.7142857142857143,1,0.08786857367523257,19.78259776837955,15,0.508047476
ERSP3_NCSU10,26.650255938583904,0.5714285714285714,0,0.05403482973976864,44.59155968303662,15,0.9269727050000001
ERSP3_NCSU11,31.227576454230153,0.6875,0,0.08717048375164142,44.555404068042414,10,0.9269727050000001
ERSP3_NCSU2,24.043278879879438,0.4666666666666667,2,0.14345675233181507,43.75765784061659,30,0.9269727050000001
ERSP3_NCSU3,31.606692589326943,0.6842105263157895,0,0.1529443695043994,43.86659676388886,30,0.9269727050000001
ERSP3_NCSU9,29.630328061906848,0.6,0,0.12530240248264327,43.94045397468102,35,0.9269727050000001
ERSP3_UNC13,30.708743210257673,0.7058823529411764,1,0.1378933663454271,18.9250802460427,0,0.858715169
ERSP3_UNC14,28.468967357458514,0.625,0,0.14331456472750365,18.80278249769749,10,0.858715169
ERSP3_UNC3,29.998093098631745,0.7333333333333334,0,0.1323924743554992,19.00424301435762,10,0.858715169
ERSP3_UNC4,32.42637102807532,0.736842105263158,3,0.14945569077516824,18.994753520135255,30,0.858715169
ERSP3_UNC8,25.174098008891647,0.6,3,0.15955070638498461,18.885032018088257,10,0.858715169
ERSP4_ERSP6,21.451870317363518,0.4285714285714286,0,0.042411051012427495,0.18192972188025816,25,0
ERSP4_JMNP1,13.201454834079787,0.375,1,0.030266016826966533,10.253942454025944,5,0.20863682500000003
ERSP4_JMNP2,23.253751128325057,0.5714285714285714,2,0.10976674081220568,10.253247012418786,10,0.20863682500000003
ERSP4_JMNP3,19.586454527734585,0.4285714285714286,2,0.045302496800617834,10.404499120292316,25,0.20863682500000003
ERSP4_JMNP5,13.007472734762162,0.2857142857142857,1,0.1682165868935247,10.206836640847957,15,0.20863682500000003
ERSP4_JMNP8,19.686208053077717,0.47058823529411764,1,0.011803641093069871,9.977466932037247,10,0.20863682500000003
ERSP4_NCBG1,24.484467955340577,0.5714285714285714,0,0.034152278048470236,19.69766798838354,0,0.508047476
ERSP4_NCBG4,20.41775096098797,0.4117647058823529,1,0.04377340602177594,19.843544717075336,10,0.508047476
ERSP4_NCBG5,21.703824717714564,0.5,2,0.041649183185168595,19.925712468029822,15,0.508047476
ERSP4_NCBG6,25.216199746143893,0.625,2,0.07422984514993793,19.985743918198388,25,0.508047476
ERSP4_NCBG8,26.915677393990293,0.7142857142857143,1,0.1114147882084905,19.858094187538775,10,0.508047476
ERSP4_NCSU10,23.016488862798354,0.5714285714285714,2,0.07758104427302658,44.68863263219328,10,0.9269727050000001
ERSP4_NCSU11,27.792719215216504,0.6875,2,0.11071669828489937,44.652474603539055,35,0.9269727050000001
ERSP4_NCSU2,22.105078802582835,0.4666666666666667,0,0.16700296686507302,43.85461095703934,5,0.9269727050000001
ERSP4_NCSU3,29.908902655911742,0.6842105263157895,2,0.17649058403765736,43.96351756774135,5,0.9269727050000001
ERSP4_NCSU9,26.248606335476637,0.6,2,0.14884861701590119,44.037565970473715,10,0.9269727050000001
ERSP4_UNC13,29.03991007099221,0.625,1,0.16143958087868504,18.99482139742119,25,0.858715169
ERSP4_UNC14,25.64990008429797,0.5333333333333333,2,0.16686077926076157,18.872747985132943,15,0.858715169
ERSP4_UNC3,26.48722682116699,0.7333333333333334,2,0.15593868888875712,19.07379327115196,15,0.858715169
ERSP4_UNC4,29.972429877860726,0.6666666666666667,1,0.1730019053084262,19.064388073949956,5,0.858715169
ERSP4_UNC8,22.88541282698849,0.5,1,0.18309692091824253,18.95454720809335,35,0.858715169
ERSP6_JMNP1,17.961171861581988,0.4,1,0.012145034185460958,10.370616343584265,20,0.20863682500000003
ERSP6_JMNP2,22.901821456032284,0.5,2,0.06735568979977818,10.371185770723633,15,0.20863682500000003
ERSP6_JMNP3,19.80474022503584,0.33333333333333337,2,0.002891445788190339,10.522361336723497,0,0.20863682500000003
ERSP6_JMNP5,22.30738402992375,0.4285714285714286,1,0.1258055358810972,10.325313251373895,10,0.20863682500000003
ERSP6_JMNP8,24.31826845613795,0.4,1,0.05421469210549736,10.093025897155849,15,0.20863682500000003
ERSP6_NCBG1,28.04979216999152,0.6153846153846154,0,0.008258772963957255,19.847143073441266,25,0.508047476
ERSP6_NCBG4,27.935094089773553,0.6111111111111112,1,0.08618445703420344,19.993165504916508,15,0.508047476
ERSP6_NCBG5,24.150365439708246,0.5384615384615384,2,7.618678272588965e-4,20.074774811274903,10,0.508047476
ERSP6_NCBG6,28.866700119958747,0.6666666666666667,2,0.03181879413751044,20.134483458532355,0,0.508047476
ERSP6_NCBG8,28.459796440832456,0.6666666666666667,1,0.06900373719606301,20.00688475929569,15,0.508047476
ERSP6_NCSU10,24.398824376834995,0.5,2,0.03516999326059909,44.86507125084749,15,0.9269727050000001
ERSP6_NCSU11,28.335277525666346,0.6428571428571428,2,0.06830564727247188,44.82890674308125,10,0.9269727050000001
ERSP6_NCSU2,26.2422346686212,0.6,0,0.12459191585264551,44.03072945686542,30,0.9269727050000001
ERSP6_NCSU3,30.011849053463962,0.7222222222222222,2,0.13407953302522987,44.139550228508355,30,0.9269727050000001
ERSP6_NCSU9,27.65345320456515,0.6428571428571428,2,0.1064375660034737,44.21411049648306,35,0.9269727050000001
ERSP6_UNC13,31.504099976012075,0.75,1,0.11902852986625753,19.1340677969895,0,0.858715169
ERSP6_UNC14,31.446999306971822,0.75,2,0.12444972824833408,19.01237386960696,10,0.858715169
ERSP6_UNC3,27.509909304719553,0.6923076923076923,2,0.11352763787632963,19.212717320601513,10,0.858715169
ERSP6_UNC4,31.900410947731984,0.7777777777777778,1,0.13059085429599873,19.20345372581996,30,0.858715169
ERSP6_UNC8,29.305814379163724,0.7333333333333334,1,0.14068586990581505,19.093416070901842,10,0.858715169
JMNP1_JMNP2,22.065299988993903,0.5333333333333333,1,0.07950072398523915,0.09379788307808742,5,0
JMNP1_JMNP3,19.555025046219836,0.5,1,0.015036479973651297,0.17528049898816053,20,0
JMNP1_JMNP5,12.434430201034022,0.375,0,0.13795057006655817,0.14136721712529526,10,0
JMNP1_JMNP8,16.514268730724552,0.3529411764705882,0,0.042069657920036405,0.2886327067400578,5,0
JMNP1_NCBG1,26.267338995023398,0.625,1,0.003886261221503702,10.200720642139682,5,0.29941065099999997
JMNP1_NCBG4,22.671262892335825,0.4736842105263158,0,0.07403942284874247,10.34883059323399,5,0.29941065099999997
JMNP1_NCBG5,23.37340179536707,0.5625,1,0.011383166358202062,10.399751954184683,10,0.29941065099999997
JMNP1_NCBG6,27.844947544740766,0.6666666666666667,1,0.043963828322971396,10.441730773637493,20,0.29941065099999997
JMNP1_NCBG8,25.867137276874967,0.6666666666666667,0,0.08114877138152397,10.320876256839988,5,0.29941065099999997
JMNP1_NCSU10,23.638893769190386,0.5333333333333333,1,0.047315027446060046,41.34843236245846,5,0.71833588
JMNP1_NCSU11,27.004276384457505,0.5625,1,0.08045068145793283,41.31466393558502,30,0.71833588
JMNP1_NCSU2,21.056246357536317,0.33333333333333337,1,0.13673695003810646,40.60767804892718,10,0.71833588
JMNP1_NCSU3,28.068800769521843,0.5,1,0.14622456721069083,40.73255185561587,10,0.71833588
JMNP1_NCSU9,27.04116254434952,0.6470588235294117,1,0.11858260018893466,40.690175080131745,15,0.71833588
JMNP1_UNC13,29.158730059919822,0.5882352941176471,0,0.1311735640517185,9.090485685570046,20,0.650078344
JMNP1_UNC14,26.01076103274935,0.5882352941176471,1,0.13659476243379504,8.983491657846109,10,0.650078344
JMNP1_UNC3,26.399735163443022,0.6875,1,0.12567267206179059,9.15749479496549,10,0.650078344
JMNP1_UNC4,30.738333296340627,0.7,2,0.14273588848145966,9.152821702850284,10,0.650078344
JMNP1_UNC8,22.80653852970112,0.4666666666666667,2,0.152830904091276,9.038754964523022,30,0.650078344
JMNP2_JMNP3,21.871755085161944,0.6153846153846154,0,0.06446424401158785,0.1513260352271777,15,0
JMNP2_JMNP5,23.868845552866812,0.6666666666666667,1,0.05844984608131901,0.061076828494453304,5,0
JMNP2_JMNP8,25.834487093979607,0.625,1,0.12157038190527555,0.3268351160532361,0,0
JMNP2_NCBG1,21.413303361896183,0.6666666666666667,2,0.07561446276373544,10.153314429551564,10,0.29941065099999997
JMNP2_NCBG4,28.294895835327825,0.7222222222222222,1,0.15354014683398162,10.301514464793012,0,0.29941065099999997
JMNP2_NCBG5,21.84715783130614,0.6923076923076923,0,0.06811755762703708,10.353415598165222,5,0.29941065099999997
JMNP2_NCBG6,20.10273787979397,0.5,0,0.03553689566226775,10.395983789894565,15,0.29941065099999997
JMNP2_NCBG8,25.334375516533278,0.8333333333333334,1,0.0016480473962848237,10.274800152466993,0,0.29941065099999997
JMNP2_NCSU10,22.3930746315996,0.6666666666666667,0,0.032185696539179104,41.257079935862905,0,0.71833588
JMNP2_NCSU11,26.980032451107682,0.7857142857142857,0,9.499574726936828e-4,41.223304049501536,25,0.71833588
JMNP2_NCSU2,27.897763933965933,0.6428571428571428,2,0.05723622605286732,40.51607419765827,15,0.71833588
JMNP2_NCSU3,31.414815560393006,0.7647058823529411,0,0.06672384322545168,40.64092059547115,15,0.71833588
JMNP2_NCSU9,27.224369356121574,0.7857142857142857,0,0.03908187620369551,40.598800237943266,20,0.71833588
JMNP2_UNC13,29.66620474439333,0.8,1,0.05167284006647934,9.057030802026926,15,0.650078344
JMNP2_UNC14,30.286762242067226,0.8,0,0.0570940384485559,8.949218015394225,5,0.650078344
JMNP2_UNC3,24.007987942438994,0.75,0,0.046171948076551436,9.124681569136891,5,0.650078344
JMNP2_UNC4,28.969486880088493,0.75,3,0.06323516449622052,9.119773619028136,15,0.650078344
JMNP2_UNC8,28.066887227310588,0.7857142857142857,3,0.07333018010603687,9.005807946446595,25,0.650078344
JMNP3_JMNP5,20.19606396301115,0.4285714285714286,1,0.12291409009290687,0.20265711966122152,10,0
JMNP3_JMNP8,20.085294805935824,0.4,1,0.0571061378936877,0.4603802564526972,15,0
JMNP3_NCBG1,21.388663495109743,0.5,2,0.011150218752147594,10.025441476991523,25,0.29941065099999997
JMNP3_NCBG4,23.68219694335451,0.5294117647058824,1,0.08907590282239378,10.173550744404112,15,0.29941065099999997
JMNP3_NCBG5,23.17057140062642,0.5384615384615384,0,0.0036533136154492355,10.224479243260555,10,0.29941065099999997
JMNP3_NCBG6,27.66103301282916,0.75,0,0.0289273483493201,10.26647471552551,0,0.29941065099999997
JMNP3_NCBG8,27.79622170939144,0.6666666666666667,1,0.06611229140787267,10.145609683945745,15,0.29941065099999997
JMNP3_NCSU10,23.39144722433408,0.5,0,0.03227854747240875,41.22805859078822,15,0.71833588
JMNP3_NCSU11,24.467850967793467,0.5384615384615384,0,0.06541420148428154,41.194335073955514,10,0.71833588
JMNP3_NCSU2,29.105708663439277,0.6875,2,0.12170047006445517,40.48886363534411,30,0.71833588
JMNP3_NCSU3,32.59618841759065,0.7894736842105263,0,0.13118808723703954,40.6139125527006,30,0.71833588
JMNP3_NCSU9,27.94680158550599,0.6428571428571428,0,0.10354612021528337,40.56993966748718,35,0.71833588
JMNP3_UNC13,31.592539861805207,0.75,1,0.1161370840780672,8.917500088783022,0,0.650078344
JMNP3_UNC14,31.817240987201558,0.75,0,0.12155828246014375,8.810246009031994,10,0.650078344
JMNP3_UNC3,27.911208070712632,0.6923076923076923,0,0.1106361920881393,8.984722932572968,10,0.650078344
JMNP3_UNC4,32.17331828044024,0.7777777777777778,3,0.12769940850780837,8.979970789938418,30,0.650078344
JMNP3_UNC8,29.019559366944872,0.7333333333333334,3,0.13779442411762471,8.865936713570223,10,0.650078344
JMNP5_JMNP8,18.772442143189014,0.375,0,0.18002022798659456,0.313815213730447,5,0
JMNP5_NCBG1,26.454515202832287,0.5714285714285714,1,0.13406430884505446,10.17363497847362,15,0.29941065099999997
JMNP5_NCBG4,20.24113564532465,0.3125,0,0.21198999291530063,10.321893536299099,5,0.29941065099999997
JMNP5_NCBG5,22.828677028210702,0.3846153846153846,1,0.1265674037083561,10.37448622746836,0,0.29941065099999997
JMNP5_NCBG6,27.216443961996408,0.7058823529411764,1,0.09398674174358676,10.417466242561508,10,0.29941065099999997
JMNP5_NCBG8,26.117359934028844,0.6153846153846154,0,0.05680179868503418,10.29605660307934,5,0.29941065099999997
JMNP5_NCSU10,23.646528856832177,0.46153846153846156,1,0.09063554262049811,41.22893961640568,5,0.71833588
JMNP5_NCSU11,28.397133785542472,0.6,1,0.05749988860862533,41.19514472720181,20,0.71833588
JMNP5_NCSU2,23.608197064527722,0.4666666666666667,1,0.0012136200284516825,40.48727824255525,20,0.71833588
JMNP5_NCSU3,30.38627874326709,0.6842105263157895,1,0.00827399714413267,40.61205098193543,20,0.71833588
JMNP5_NCSU9,27.604085502082977,0.5,1,0.01936796987762349,40.57060341955565,25,0.71833588
JMNP5_UNC13,29.337350909806588,0.625,0,0.006777006014839664,9.086595691031762,10,0.650078344
JMNP5_UNC14,26.418585387989186,0.5333333333333333,1,0.0013558076327631063,8.978286250788102,0,0.650078344
JMNP5_UNC3,26.82682329825661,0.6428571428571428,1,0.012277898004767569,9.154633477148543,0,0.650078344
JMNP5_UNC4,30.796345627659672,0.6666666666666667,2,0.004785318414901514,9.149583278694868,20,0.650078344
JMNP5_UNC8,23.100492409807377,0.5,2,0.01488033402471785,9.035684155732037,20,0.650078344
JMNP8_NCBG1,27.948883879978453,0.625,1,0.04595591914154011,10.480014893640634,10,0.29941065099999997
JMNP8_NCBG4,23.066681519157644,0.38888888888888884,0,0.03196976492870607,10.628204917682641,0,0.29941065099999997
JMNP8_NCBG5,25.33128738285811,0.4666666666666667,1,0.05345282427823847,10.679967495443453,5,0.29941065099999997
JMNP8_NCBG6,31.675175209586577,0.736842105263158,1,0.0860334862430078,10.722430810210678,15,0.29941065099999997
JMNP8_NCBG8,30.688050339792348,0.6666666666666667,0,0.12321842930156038,10.601307277500448,0,0.29941065099999997
JMNP8_NCSU10,27.97311655462101,0.5333333333333333,1,0.08938468536609645,41.48854240643383,0,0.71833588
JMNP8_NCSU11,29.506910732775424,0.5625,1,0.12252033937796923,41.454686263518155,25,0.71833588
JMNP8_NCSU2,26.890778911402787,0.5294117647058824,1,0.17880660795814288,40.74473800529621,15,0.71833588
JMNP8_NCSU3,32.93797590500334,0.65,1,0.18829422513072722,40.86926414797023,15,0.71833588
JMNP8_NCSU9,31.837208569365302,0.6470588235294117,1,0.16065225810897107,40.83003074161607,20,0.71833588
JMNP8_UNC13,34.166241929408336,0.736842105263158,0,0.1732432219717549,9.377875049198222,15,0.650078344
JMNP8_UNC14,30.710655525622833,0.6666666666666667,1,0.17866442035383145,9.27062158003834,5,0.650078344
JMNP8_UNC3,31.00902187640853,0.6875,1,0.167742329981827,9.445069677842705,5,0.650078344
JMNP8_UNC4,34.975575522400405,0.7619047619047619,2,0.1848055464014961,9.440330657985136,15,0.650078344
JMNP8_UNC8,28.684782417610688,0.6470588235294117,2,0.19490056201131242,9.326291444524472,25,0.650078344
NCBG1_NCBG4,22.565759223981424,0.5625,1,0.07792568407024618,0.14859452771650475,10,0
NCBG1_NCBG5,17.050433390552868,0.4545454545454546,2,0.007496905136698359,0.24111882980199784,15,0
NCBG1_NCBG6,19.584975438685312,0.7142857142857143,2,0.04007756710146769,0.3201977094751916,25,0
NCBG1_NCBG8,22.13210304867696,0.7272727272727273,1,0.07726251016002027,0.20648169005621944,10,0
NCBG1_NCSU10,19.258972036273313,0.5454545454545454,2,0.04342876622455634,35.08730302258439,10,0.418925229
NCBG1_NCSU11,21.679202207904808,0.5833333333333333,2,0.07656442023642913,35.05733909288419,35,0.418925229
NCBG1_NCSU2,25.991429367457325,0.6428571428571428,0,0.13285068881660278,34.46958429195797,5,0.418925229
NCBG1_NCSU3,30.639411027627602,0.8333333333333334,2,0.14233830598918712,34.60347063873338,5,0.418925229
NCBG1_NCSU9,24.02651137597378,0.5833333333333333,2,0.11469633896743096,34.45326692361003,10,0.418925229
NCBG1_UNC13,26.527006101705613,0.7142857142857143,1,0.12728730283021478,1.9313789581823861,25,0.350667693
NCBG1_UNC14,27.787068303509358,0.7142857142857143,2,0.13270850121229133,1.917302883387854,15,0.350667693
NCBG1_UNC3,24.415129001185804,0.75,2,0.1217864108402869,1.9579109914841137,15,0.350667693
NCBG1_UNC4,27.94217438331999,0.75,1,0.13884962725995598,1.9383585943054595,5,0.350667693
NCBG1_UNC8,23.156159128452774,0.6923076923076923,1,0.1489446428697723,2.002504287375612,35,0.350667693
NCBG4_NCBG5,20.90344485052329,0.5,1,0.08542258920694454,0.1349588653339223,5,0
NCBG4_NCBG6,25.567222935509434,0.6842105263157895,1,0.11800325117171387,0.22070780695982564,15,0
NCBG4_NCBG8,24.776487948587647,0.6,0,0.15518819423026645,0.1595426414292095,0,0
NCBG4_NCSU10,22.987325037501442,0.5625,1,0.12135445029480252,35.020359494936564,0,0.418925229
NCBG4_NCSU11,23.839857367863104,0.5882352941176471,1,0.1544901043066753,34.99047633194294,25,0.418925229
NCBG4_NCSU2,20.955774875306957,0.47058823529411764,1,0.21077637288684895,34.40511318051713,15,0.418925229
NCBG4_NCSU3,28.64436292971181,0.6666666666666667,1,0.22026399005943328,34.539103465227406,15,0.418925229
NCBG4_NCSU9,25.008731097033408,0.5882352941176471,1,0.19262202303767714,34.38702470864993,20,0.418925229
NCBG4_UNC13,28.86743091673205,0.6111111111111112,0,0.20521298690046097,2.0202748257256866,15,0.350667693
NCBG4_UNC14,25.15078018582382,0.5294117647058824,1,0.21063418528253752,2.0142151785062383,5,0.350667693
NCBG4_UNC3,24.19784536686074,0.7058823529411764,1,0.19971209491053307,2.041220635908555,5,0.350667693
NCBG4_UNC4,28.710709936864756,0.65,2,0.21677531133020217,2.022656160803413,15,0.350667693
NCBG4_UNC8,23.837451466395496,0.5,2,0.2268703269400185,2.0923561089690272,25,0.350667693
NCBG5_NCBG6,18.474316671098673,0.6428571428571428,0,0.03258066196476933,0.0860836970255815,10,0
NCBG5_NCBG8,18.177751367122244,0.5,1,0.06976560502332191,0.0853649304235182,5,0
NCBG5_NCSU10,12.374943980771167,0.30000000000000004,0,0.03593186108785798,35.101586041318654,5,0.418925229
NCBG5_NCSU11,18.28831683638322,0.5,0,0.06906751509973078,35.07176877260512,20,0.418925229
NCBG5_NCSU2,17.36983292524406,0.46153846153846156,2,0.1253537836799044,34.488331104544166,20,0.418925229
NCBG5_NCSU3,23.3474287872543,0.7058823529411764,0,0.13484140085248877,34.62240237813917,20,0.418925229
NCBG5_NCSU9,16.18946462342775,0.36363636363636365,0,0.1071994338307326,34.4688257850791,25,0.418925229
NCBG5_UNC13,21.549995153029016,0.5384615384615384,1,0.11979039769351643,1.9667575858569044,10,0.350667693
NCBG5_UNC14,21.57347820691026,0.5384615384615384,0,0.12521159607559298,1.9693129211130123,0,0.350667693
NCBG5_UNC3,15.307588885802842,0.5454545454545454,0,0.11428950570358853,1.9820111123909592,0,0.350667693
NCBG5_UNC4,22.031100264406565,0.6,3,0.1313527221232576,1.9644877804552916,20,0.350667693
NCBG5_UNC8,18.497710241009283,0.5,3,0.14144773773307395,2.0395639563723105,20,0.350667693
NCBG6_NCBG8,20.31911821018361,0.7692307692307692,1,0.03718494305855258,0.1279960713314778,15,0
NCBG6_NCSU10,19.359017488164188,0.7142857142857143,0,0.003351199123088648,35.145514960347384,15,0.418925229
NCBG6_NCSU11,24.977643787192477,0.8125,0,0.03648685313496144,35.11574303794696,10,0.418925229
NCBG6_NCSU2,25.411044761637985,0.6,2,0.09277312171513508,34.53363079589184,30,0.418925229
NCBG6_NCSU3,30.555661665759175,0.7894736842105263,0,0.10226073888771943,34.667757030571316,30,0.418925229
NCBG6_NCSU9,22.849221213674483,0.7333333333333334,0,0.07461877186596327,34.513152300238396,35,0.418925229
NCBG6_UNC13,21.536810644433487,0.5714285714285714,1,0.08720973572874709,1.946105103629256,0,0.350667693
NCBG6_UNC14,25.755086927267815,0.75,0,0.09263093411082365,1.9545298226281014,10,0.350667693
NCBG6_UNC3,21.319119809763478,0.7857142857142857,0,0.08170884373881919,1.957391496657766,10,0.350667693
NCBG6_UNC4,22.279497540521753,0.625,3,0.09877206015848827,1.9406288206547684,30,0.350667693
NCBG6_UNC8,20.830524860576208,0.6428571428571428,3,0.10886707576830461,2.019251809901082,10,0.350667693
NCBG8_NCSU10,17.66352212024698,0.4444444444444444,1,0.03383374393546393,35.169611767165875,0,0.418925229
NCBG8_NCSU11,20.15135785277811,0.5,1,6.980899235911409e-4,35.13976297984445,25,0.418925229
NCBG8_NCSU2,22.62474561901188,0.6923076923076923,1,0.0555881786565825,34.55538682566562,15,0.418925229
NCBG8_NCSU3,25.69666141927437,0.7333333333333334,1,0.06507579582916685,34.68941804604926,15,0.418925229
NCBG8_NCSU9,19.342626063586934,0.5,1,0.03743382880741069,34.53657490815856,20,0.418925229
NCBG8_UNC13,18.782193734431694,0.5454545454545454,0,0.050024792670194516,1.8876986441356332,15,0.350667693
NCBG8_UNC14,21.154311279824253,0.6666666666666667,1,0.055445991052271076,1.8881719061388713,5,0.350667693
NCBG8_UNC3,18.051303261915972,0.5555555555555556,1,0.04452390068026661,1.904596855582664,5,0.350667693
NCBG8_UNC4,22.613936126298064,0.7142857142857143,2,0.061587117099935695,1.886750597599502,15,0.350667693
NCBG8_UNC8,14.17938505280548,0.5,2,0.07168213270975204,1.960338214202588,25,0.350667693
NCSU10_NCSU11,14.337414162600282,0.30000000000000004,0,0.03313565401187279,0.03674708650480605,25,0
NCSU10_NCSU2,19.558546115222374,0.5384615384615384,2,0.08942192259204643,0.8918988207101239,15,0
NCSU10_NCSU3,20.108021574042425,0.6,0,0.09890953976463078,0.8279645289248494,15,0
NCSU10_NCSU9,12.913916184360822,0.30000000000000004,0,0.07126757274287462,0.6596884193889878,20,0
NCSU10_UNC13,16.883969206031608,0.5,1,0.08385853660565844,37.000356705247626,15,0.06825753600000001
NCSU10_UNC14,17.46891763178199,0.5,0,0.08927973498773499,36.96379598704571,5,0.06825753600000001
NCSU10_UNC3,16.99215878690399,0.5,0,0.07835764461573055,37.036878961205836,5,0.06825753600000001
NCSU10_UNC4,19.505787188870006,0.5714285714285714,3,0.09542086103539962,37.015970688789885,15,0.06825753600000001
NCSU10_UNC8,19.383914192318585,0.5833333333333333,3,0.10551587664521597,37.068273191015415,25,0.06825753600000001
NCSU11_NCSU2,20.67139565536053,0.5714285714285714,2,0.05628626858017364,0.8557670214198025,40,0
NCSU11_NCSU3,19.4785718388618,0.5333333333333333,0,0.06577388575275799,0.7931675668279455,40,0
NCSU11_NCSU9,14.09692365536147,0.36363636363636365,0,0.03813191873100183,0.6251634785034399,45,0
NCSU11_UNC13,17.134469877164438,0.41666666666666663,1,0.050722882593785656,36.97023649230014,10,0.06825753600000001
NCSU11_UNC14,18.999665702602837,0.5384615384615384,0,0.056144080975862216,36.93360101354003,20,0.06825753600000001
NCSU11_UNC3,17.341560764166314,0.5454545454545454,0,0.04522199060385775,37.00680853249241,20,0.06825753600000001
NCSU11_UNC4,20.542536172623596,0.6,3,0.062285207023526835,36.98589254563385,40,0.06825753600000001
NCSU11_UNC8,20.228931872747665,0.5,3,0.07238022263334318,37.038137083761605,0,0.06825753600000001
NCSU2_NCSU3,19.0320088008799,0.4,2,0.009487617172584352,0.13659001561164044,0,0
NCSU2_NCSU9,19.576904554891513,0.5714285714285714,2,0.01815434984917181,0.4572512469745342,5,0
NCSU2_UNC13,23.726685143332823,0.5,1,0.005563385986387981,36.37756774116569,30,0.06825753600000001
NCSU2_UNC14,16.985190130860868,0.3846153846153846,2,1.4218760431142384e-4,36.33872472649614,20,0.06825753600000001
NCSU2_UNC3,19.087784348921947,0.7142857142857143,2,0.011064277976315885,36.415605933506335,20,0.06825753600000001
NCSU2_UNC4,25.28872806530221,0.6470588235294117,1,0.005998938443353197,36.3944651038628,0,0.06825753600000001
NCSU2_UNC8,17.229091700334905,0.33333333333333337,1,0.016093954053169532,36.44498826962988,40,0.06825753600000001
NCSU3_NCSU9,19.69065785868057,0.625,0,0.02764196702175616,0.5076134799627858,5,0
NCSU3_UNC13,23.469841493218784,0.5625,1,0.015051003158972334,36.51122027595943,30,0.06825753600000001
NCSU3_UNC14,19.042389956902326,0.4666666666666667,0,0.009629804776895776,36.47227509593296,20,0.06825753600000001
NCSU3_UNC3,22.307677343865922,0.75,0,0.020551895148900236,36.549325092479435,20,0.06825753600000001
NCSU3_UNC4,22.154834382460436,0.6111111111111112,3,0.0034886787292311558,36.528174207843776,0,0.06825753600000001
NCSU3_UNC8,24.657212255921692,0.5333333333333333,3,0.00660633688058518,36.57861824701187,40,0.06825753600000001
NCSU9_UNC13,15.4367596602177,0.41666666666666663,1,0.012590963862783827,36.364960236205356,35,0.06825753600000001
NCSU9_UNC14,16.464217739610923,0.41666666666666663,0,0.018012162244860384,36.327767207744195,25,0.06825753600000001
NCSU9_UNC3,16.393676760179872,0.5454545454545454,0,0.007090071872855923,36.40190615022756,25,0.06825753600000001
NCSU9_UNC4,17.922751236770445,0.5,3,0.024153288292525006,36.38093224725387,5,0.06825753600000001
NCSU9_UNC8,18.92291101102348,0.5,3,0.03424830390234134,36.432741103657044,45,0.06825753600000001
UNC13_UNC14,17.593063302833894,0.46153846153846156,1,0.005421198382076557,0.1366162528066823,10,0
UNC13_UNC3,21.262276763877523,0.6923076923076923,1,0.005500891989927904,0.09470159435091448,10,0
UNC13_UNC4,18.98532667946656,0.5333333333333333,2,0.011562324429741177,0.07546324413889045,30,0
UNC13_UNC8,15.917911247728844,0.2727272727272727,2,0.021657340039557514,0.0734418295909604,10,0
UNC14_UNC3,21.20798869202684,0.6923076923076923,0,0.010922090372004463,0.23090147178893916,0,0
UNC14_UNC4,21.549457188404237,0.5333333333333333,3,0.006141126047664621,0.21197592698649426,20,0
UNC14_UNC8,17.59232243417041,0.41666666666666663,3,0.016236141657480958,0.14728946937161444,20,0
UNC3_UNC4,19.62400928377774,0.6428571428571428,3,0.017063216419669083,0.024902789161205627,20,0
UNC3_UNC8,19.69431547051947,0.6666666666666667,3,0.02715823202948542,0.11961051289138493,20,0
UNC4_UNC8,22.564732087701394,0.6,0,0.010095015609816337,0.11449547727438696,40,0
